-- MySQL dump 10.13  Distrib 5.7.17, for Win64 (x86_64)
--
-- Host: toxicity.pro    Database: webprojekt
-- ------------------------------------------------------
-- Server version	5.7.29-0ubuntu0.16.04.1

/*!40101 SET @OLD_CHARACTER_SET_CLIENT=@@CHARACTER_SET_CLIENT */;
/*!40101 SET @OLD_CHARACTER_SET_RESULTS=@@CHARACTER_SET_RESULTS */;
/*!40101 SET @OLD_COLLATION_CONNECTION=@@COLLATION_CONNECTION */;
/*!40101 SET NAMES utf8 */;
/*!40103 SET @OLD_TIME_ZONE=@@TIME_ZONE */;
/*!40103 SET TIME_ZONE='+00:00' */;
/*!40014 SET @OLD_UNIQUE_CHECKS=@@UNIQUE_CHECKS, UNIQUE_CHECKS=0 */;
/*!40014 SET @OLD_FOREIGN_KEY_CHECKS=@@FOREIGN_KEY_CHECKS, FOREIGN_KEY_CHECKS=0 */;
/*!40101 SET @OLD_SQL_MODE=@@SQL_MODE, SQL_MODE='NO_AUTO_VALUE_ON_ZERO' */;
/*!40111 SET @OLD_SQL_NOTES=@@SQL_NOTES, SQL_NOTES=0 */;

--
-- Temporary view structure for view `FullQuestions`
--

DROP TABLE IF EXISTS `FullQuestions`;
/*!50001 DROP VIEW IF EXISTS `FullQuestions`*/;
SET @saved_cs_client     = @@character_set_client;
SET character_set_client = utf8;
/*!50001 CREATE VIEW `FullQuestions` AS SELECT 
 1 AS `idquestion`,
 1 AS `XMLFIELD`,
 1 AS `type`,
 1 AS `language`,
 1 AS `text`,
 1 AS `option1`,
 1 AS `option2`,
 1 AS `option3`,
 1 AS `option4`,
 1 AS `option5`,
 1 AS `option6`,
 1 AS `option7`,
 1 AS `option8`,
 1 AS `option9`,
 1 AS `option10`,
 1 AS `score1`,
 1 AS `score2`,
 1 AS `score3`,
 1 AS `score4`,
 1 AS `score5`,
 1 AS `score6`,
 1 AS `score7`,
 1 AS `score8`,
 1 AS `score9`,
 1 AS `score10`*/;
SET character_set_client = @saved_cs_client;

--
-- Table structure for table `answer`
--

DROP TABLE IF EXISTS `answer`;
/*!40101 SET @saved_cs_client     = @@character_set_client */;
/*!40101 SET character_set_client = utf8 */;
CREATE TABLE `answer` (
  `idanswers` int(11) NOT NULL AUTO_INCREMENT,
  `idpatient` int(11) DEFAULT NULL,
  `idquestion` int(11) DEFAULT NULL,
  `answervalue` decimal(10,3) DEFAULT NULL,
  `dateofanswer` datetime DEFAULT NULL,
  `notified` int(11) DEFAULT NULL,
  PRIMARY KEY (`idanswers`)
) ENGINE=InnoDB AUTO_INCREMENT=1529 DEFAULT CHARSET=latin1;
/*!40101 SET character_set_client = @saved_cs_client */;

--
-- Dumping data for table `answer`
--

LOCK TABLES `answer` WRITE;
/*!40000 ALTER TABLE `answer` DISABLE KEYS */;
INSERT INTO `answer` VALUES (632,58,1,1.000,'2018-10-10 22:34:48',0),(633,58,2,1.000,'2018-10-10 22:34:50',0),(634,58,1,2.000,'2018-10-11 22:35:00',0),(635,58,2,2.000,'2018-10-11 22:35:01',0),(636,58,1,3.000,'2018-10-12 22:35:12',0),(637,58,2,3.000,'2018-10-12 22:35:13',0),(638,58,1,4.000,'2018-10-13 22:35:23',0),(639,58,2,4.000,'2018-10-13 22:35:24',0),(640,58,1,5.000,'2018-10-14 22:35:34',0),(641,58,2,5.000,'2018-10-14 22:35:35',0),(642,59,3,75.000,'2018-10-10 22:38:36',0),(643,59,2,1.000,'2018-10-10 22:38:39',0),(644,59,3,76.000,'2018-10-11 22:38:51',0),(645,59,2,2.000,'2018-10-11 22:38:53',0),(646,59,3,77.000,'2018-10-12 22:39:04',0),(647,59,2,3.000,'2018-10-12 22:39:06',0),(648,59,3,78.000,'2018-10-13 22:39:20',0),(649,59,2,4.000,'2018-10-13 22:39:22',0),(650,59,3,79.000,'2018-10-14 22:39:35',0),(651,59,2,5.000,'2018-10-14 22:39:40',0),(652,60,1,5.000,'2018-10-16 00:08:05',1),(653,60,2,5.000,'2018-10-16 00:08:07',1),(654,60,4,5.000,'2018-10-16 00:08:08',1),(655,60,5,5.000,'2018-10-16 00:08:09',1),(656,60,6,5.000,'2018-10-16 00:08:10',1),(657,60,7,2.000,'2018-10-16 00:08:12',1),(658,60,8,5.000,'2018-10-16 00:08:13',1),(659,60,9,5.000,'2018-10-16 00:08:15',1),(660,60,10,5.000,'2018-10-16 00:08:16',1),(661,60,11,5.000,'2018-10-16 00:08:19',1),(662,60,12,5.000,'2018-10-16 00:08:20',1),(663,60,13,5.000,'2018-10-15 23:08:21',1),(664,62,1,5.000,'2018-10-16 00:54:04',1),(665,62,2,3.000,'2018-10-16 00:54:07',1),(666,62,4,2.000,'2018-10-16 00:54:10',1),(667,62,5,3.000,'2018-10-16 00:54:12',1),(668,62,6,3.000,'2018-10-16 00:54:13',1),(669,62,7,2.000,'2018-10-16 00:54:15',1),(670,62,8,3.000,'2018-10-16 00:54:17',1),(674,60,1,5.000,'2018-10-16 13:09:48',1),(676,60,1,1.000,'2018-10-17 08:07:20',1),(689,60,1,2.000,'2018-10-19 09:57:31',1),(690,60,2,2.000,'2018-10-19 09:57:32',1),(691,60,4,2.000,'2018-10-19 09:57:34',1),(692,60,5,2.000,'2018-10-19 09:57:41',1),(693,60,6,2.000,'2018-10-19 09:57:42',1),(694,60,7,2.000,'2018-10-19 09:57:46',1),(695,60,8,5.000,'2018-10-19 09:57:49',1),(696,60,9,5.000,'2018-10-19 09:57:50',1),(697,60,10,2.000,'2018-10-19 09:57:52',1),(698,60,11,2.000,'2018-10-19 09:57:53',1),(699,60,12,2.000,'2018-10-19 09:57:56',1),(700,60,13,2.000,'2018-10-19 09:57:58',1),(701,60,1,2.000,'2018-10-19 13:15:23',1),(702,60,2,2.000,'2018-10-19 13:15:24',1),(703,60,4,5.000,'2018-10-19 13:15:29',1),(704,60,5,4.000,'2018-10-19 13:15:30',1),(705,60,6,3.000,'2018-10-19 13:15:31',1),(706,60,7,2.000,'2018-10-19 13:15:33',1),(707,60,8,2.000,'2018-10-19 13:15:34',1),(708,60,9,2.000,'2018-10-19 13:15:35',1),(709,60,10,3.000,'2018-10-19 13:15:36',1),(710,60,11,3.000,'2018-10-19 13:15:38',1),(711,60,12,2.000,'2018-10-19 13:15:39',1),(712,60,13,2.000,'2018-10-19 13:15:41',1),(713,60,1,3.000,'2018-10-21 10:54:17',1),(714,60,2,3.000,'2018-10-21 10:54:22',1),(715,60,4,5.000,'2018-10-21 10:54:28',1),(716,60,5,4.000,'2018-10-21 10:54:29',1),(717,60,6,2.000,'2018-10-21 10:54:31',1),(718,60,7,1.000,'2018-10-21 10:54:33',1),(719,60,8,1.000,'2018-10-21 10:54:34',1),(720,60,9,1.000,'2018-10-21 10:54:35',1),(721,60,10,1.000,'2018-10-21 10:54:36',1),(722,60,11,1.000,'2018-10-21 10:54:38',1),(723,60,12,1.000,'2018-10-21 10:54:40',1),(724,60,13,1.000,'2018-10-21 10:54:42',1),(725,60,1,2.000,'2018-10-22 14:24:36',1),(726,60,2,3.000,'2018-10-22 14:24:38',1),(727,60,4,5.000,'2018-10-22 14:24:45',1),(728,60,5,3.000,'2018-10-22 14:24:46',1),(729,60,6,3.000,'2018-10-22 14:24:47',1),(730,60,7,2.000,'2018-10-22 14:24:50',1),(731,60,8,2.000,'2018-10-22 14:24:51',1),(732,60,9,2.000,'2018-10-22 14:24:53',1),(733,60,10,3.000,'2018-10-22 14:24:55',1),(734,60,11,2.000,'2018-10-22 14:24:57',1),(735,60,12,2.000,'2018-10-22 14:24:58',1),(736,60,13,2.000,'2018-10-22 14:25:00',1),(737,60,1,3.000,'2018-10-22 16:07:43',1),(738,60,2,3.000,'2018-10-22 16:07:43',1),(739,60,4,5.000,'2018-10-22 16:07:47',1),(740,60,5,3.000,'2018-10-22 16:07:50',1),(741,60,6,2.000,'2018-10-22 16:07:51',1),(742,60,7,2.000,'2018-10-22 16:07:52',1),(743,60,8,1.000,'2018-10-22 16:07:55',1),(744,60,9,1.000,'2018-10-22 16:07:56',1),(745,60,10,1.000,'2018-10-22 16:07:58',1),(746,60,11,1.000,'2018-10-22 16:07:59',1),(747,60,12,2.000,'2018-10-22 16:08:00',1),(748,60,13,1.000,'2018-10-22 16:08:02',1),(749,69,33,2.000,'2018-10-23 18:47:03',0),(750,69,34,1.000,'2018-10-23 18:47:06',0),(751,69,35,1.000,'2018-10-23 18:47:07',0),(752,69,25,1.000,'2018-10-23 18:47:08',0),(753,69,26,1.000,'2018-10-23 18:47:09',0),(754,69,27,1.000,'2018-10-23 18:47:16',0),(755,69,28,3.000,'2018-10-23 18:47:19',0),(756,69,29,2.000,'2018-10-23 18:47:21',0),(757,69,31,4.000,'2018-10-23 18:47:22',0),(758,67,1,2.000,'2018-10-23 18:47:38',0),(759,67,2,4.000,'2018-10-23 18:47:40',0),(760,67,4,3.000,'2018-10-23 18:47:41',0),(761,67,5,2.000,'2018-10-23 18:47:42',0),(762,67,6,4.000,'2018-10-23 18:47:44',0),(763,67,7,1.000,'2018-10-23 18:47:45',0),(764,67,8,3.000,'2018-10-23 18:47:47',0),(765,67,9,1.000,'2018-10-23 18:47:48',0),(766,67,10,4.000,'2018-10-23 18:47:49',0),(767,67,11,2.000,'2018-10-23 18:47:50',0),(768,67,12,3.000,'2018-10-23 18:47:51',0),(769,67,13,1.000,'2018-10-23 18:47:53',0),(770,66,3,90.000,'2018-10-23 18:48:10',1),(771,66,2,3.000,'2018-10-23 18:48:11',1),(772,66,21,3.000,'2018-10-23 18:48:12',1),(773,66,22,4.000,'2018-10-23 18:48:13',1),(774,66,13,2.000,'2018-10-23 18:48:14',1),(775,66,14,2.000,'2018-10-23 18:48:16',1),(776,66,15,2.000,'2018-10-23 18:48:16',1),(777,66,16,4.000,'2018-10-23 18:48:18',1),(778,66,17,2.000,'2018-10-23 18:48:19',1),(779,66,18,2.000,'2018-10-23 18:48:21',1),(780,66,19,1.000,'2018-10-23 18:48:22',1),(781,66,20,1.000,'2018-10-23 18:48:23',1),(782,66,10,1.000,'2018-10-23 18:48:26',1),(783,66,11,1.000,'2018-10-23 18:48:27',1),(784,58,1,3.000,'2018-10-24 16:52:35',0),(785,58,2,3.000,'2018-10-24 16:52:40',0),(786,58,4,5.000,'2018-10-24 16:52:43',0),(787,58,5,5.000,'2018-10-24 16:52:46',0),(788,58,6,5.000,'2018-10-24 16:52:48',0),(789,58,7,1.000,'2018-10-24 16:52:55',0),(790,58,8,5.000,'2018-10-24 16:53:02',0),(791,58,9,5.000,'2018-10-24 16:53:06',0),(792,58,10,4.000,'2018-10-24 16:53:14',0),(793,58,11,4.000,'2018-10-24 16:53:18',0),(794,58,12,4.000,'2018-10-24 16:53:21',0),(795,58,13,4.000,'2018-10-24 16:53:25',0),(796,58,1,1.000,'2018-10-24 16:54:13',0),(797,58,2,1.000,'2018-10-24 16:54:15',0),(798,58,4,2.000,'2018-10-24 16:54:17',0),(799,58,5,2.000,'2018-10-24 16:54:19',0),(800,58,6,2.000,'2018-10-24 16:54:20',0),(801,58,7,2.000,'2018-10-24 16:54:24',0),(802,58,8,2.000,'2018-10-24 16:54:26',0),(803,58,9,2.000,'2018-10-24 16:54:27',0),(804,58,10,2.000,'2018-10-24 16:54:29',0),(805,58,11,2.000,'2018-10-24 16:54:31',0),(806,58,12,2.000,'2018-10-24 16:54:33',0),(807,58,13,2.000,'2018-10-24 16:54:36',0),(808,58,1,5.000,'2018-10-24 16:56:53',0),(809,58,2,5.000,'2018-10-24 16:56:54',0),(810,58,4,5.000,'2018-10-24 16:56:55',0),(811,58,5,5.000,'2018-10-24 16:56:57',0),(812,58,6,5.000,'2018-10-24 16:56:58',0),(813,58,7,1.000,'2018-10-24 16:57:01',0),(814,58,8,5.000,'2018-10-24 16:57:03',0),(815,58,9,5.000,'2018-10-24 16:57:05',0),(816,58,10,5.000,'2018-10-24 16:57:07',0),(817,58,11,5.000,'2018-10-24 16:57:09',0),(818,58,12,5.000,'2018-10-24 16:57:10',0),(819,58,13,5.000,'2018-10-24 16:57:12',0),(820,60,1,3.000,'2018-11-01 21:31:24',1),(821,60,2,3.000,'2018-11-01 21:31:25',1),(822,60,4,5.000,'2018-11-01 21:31:27',1),(823,60,5,3.000,'2018-11-01 21:31:28',1),(824,60,6,4.000,'2018-11-01 21:31:30',1),(825,60,7,2.000,'2018-11-01 21:31:31',1),(826,60,8,3.000,'2018-11-01 21:31:32',1),(827,60,9,2.000,'2018-11-01 21:31:34',1),(828,60,10,3.000,'2018-11-01 21:31:36',1),(829,60,11,3.000,'2018-11-01 21:31:38',1),(830,60,12,3.000,'2018-11-01 21:31:39',1),(831,60,13,3.000,'2018-11-01 21:31:41',1),(832,60,1,3.000,'2018-11-02 15:47:06',0),(833,60,2,4.000,'2018-11-02 15:47:08',0),(834,60,4,3.000,'2018-11-02 15:47:09',0),(835,60,5,3.000,'2018-11-02 15:47:10',0),(836,60,6,4.000,'2018-11-02 15:47:13',0),(837,60,7,2.000,'2018-11-02 15:47:15',0),(838,60,8,2.000,'2018-11-02 15:47:16',0),(839,60,9,2.000,'2018-11-02 15:47:17',0),(840,60,10,4.000,'2018-11-02 15:47:19',0),(841,60,11,3.000,'2018-11-02 15:47:20',0),(842,60,12,4.000,'2018-11-02 15:47:21',0),(843,60,13,3.000,'2018-11-02 15:47:22',0),(844,60,1,1.000,'2018-11-03 15:26:10',0),(845,60,2,1.000,'2018-11-03 15:26:13',0),(846,60,4,1.000,'2018-11-03 15:26:15',0),(847,60,5,1.000,'2018-11-03 15:26:17',0),(848,60,6,1.000,'2018-11-03 15:26:18',0),(849,60,7,2.000,'2018-11-03 15:26:21',0),(850,60,8,1.000,'2018-11-03 15:26:23',0),(851,60,9,1.000,'2018-11-03 15:26:24',0),(852,60,10,1.000,'2018-11-03 15:26:25',0),(853,60,11,1.000,'2018-11-03 15:26:26',0),(854,60,12,1.000,'2018-11-03 15:26:27',0),(855,60,13,1.000,'2018-11-03 15:26:28',0),(856,67,1,1.000,'2018-11-14 17:10:15',0),(857,67,2,2.000,'2018-11-14 17:10:17',0),(858,67,4,2.000,'2018-11-14 17:10:19',0),(859,67,5,1.000,'2018-11-14 17:10:21',0),(860,67,6,1.000,'2018-11-14 17:10:23',0),(861,67,7,2.000,'2018-11-14 17:10:24',0),(862,67,8,3.000,'2018-11-14 17:10:25',0),(863,67,9,1.000,'2018-11-14 17:10:27',0),(864,67,10,3.000,'2018-11-14 17:10:29',0),(865,67,11,2.000,'2018-11-14 17:10:30',0),(866,67,12,3.000,'2018-11-14 17:10:31',0),(867,67,13,2.000,'2018-11-14 17:10:32',0),(868,67,1,2.000,'2018-11-21 16:33:35',0),(869,67,2,1.000,'2018-11-21 16:33:40',0),(870,67,4,1.000,'2018-11-21 16:33:45',0),(871,67,5,1.000,'2018-11-21 16:33:52',0),(872,67,6,1.000,'2018-11-21 16:33:57',0),(873,67,7,2.000,'2018-11-21 16:34:00',0),(874,67,8,2.000,'2018-11-21 16:34:03',0),(875,67,9,2.000,'2018-11-21 16:34:12',0),(876,67,10,2.000,'2018-11-21 16:34:16',0),(877,67,11,1.000,'2018-11-21 16:34:19',0),(878,67,12,1.000,'2018-11-21 16:34:23',0),(879,67,13,3.000,'2018-11-21 16:34:26',0),(880,67,1,2.000,'2018-11-21 17:45:11',0),(881,67,1,3.000,'2018-11-26 13:28:22',0),(882,67,2,3.000,'2018-11-26 13:28:23',0),(883,67,4,3.000,'2018-11-26 13:28:25',0),(884,67,5,3.000,'2018-11-26 13:28:26',0),(885,67,6,3.000,'2018-11-26 13:28:28',0),(886,67,7,1.000,'2018-11-26 13:28:31',0),(887,67,8,3.000,'2018-11-26 13:28:33',0),(888,67,9,3.000,'2018-11-26 13:28:34',0),(889,67,10,3.000,'2018-11-26 13:28:37',0),(890,67,11,3.000,'2018-11-26 13:28:38',0),(891,67,12,3.000,'2018-11-26 13:28:40',0),(892,67,13,3.000,'2018-11-26 13:28:43',0),(1341,75,116,3.000,'2020-03-05 12:14:47',0),(1342,75,116,3.000,'2020-03-05 12:15:20',0),(1343,75,116,3.000,'2020-03-05 12:32:43',0),(1344,75,117,4.000,'2020-03-05 12:32:46',0),(1345,75,118,1.000,'2020-03-05 12:32:48',0),(1346,75,116,3.000,'2020-03-05 12:32:57',0),(1347,75,117,4.000,'2020-03-05 12:32:58',0),(1348,75,118,1.000,'2020-03-05 12:33:00',0),(1349,75,119,1.000,'2020-03-05 12:33:30',0),(1350,75,120,1.000,'2020-03-05 12:33:33',0),(1351,75,121,1.000,'2020-03-05 12:33:36',0),(1352,75,122,1.000,'2020-03-05 12:33:39',0),(1353,75,123,1.000,'2020-03-05 12:33:42',0),(1354,75,124,1.000,'2020-03-05 12:33:45',0),(1355,75,125,1.000,'2020-03-05 12:33:48',0),(1356,75,126,1.000,'2020-03-05 12:33:49',0),(1357,75,127,1.000,'2020-03-05 12:33:52',0),(1358,75,128,1.000,'2020-03-05 12:34:00',0),(1359,75,129,1.000,'2020-03-05 12:34:05',0),(1360,75,130,1.000,'2020-03-05 12:34:06',0),(1361,75,131,1.000,'2020-03-05 12:34:08',0),(1362,75,132,1.000,'2020-03-05 12:34:10',0),(1363,75,133,1.000,'2020-03-05 12:34:11',0),(1364,75,134,1.000,'2020-03-05 12:34:13',0),(1365,75,135,1.000,'2020-03-05 12:34:14',0),(1366,75,136,1.000,'2020-03-05 12:34:15',0),(1367,75,137,1.000,'2020-03-05 12:34:17',0),(1368,75,138,1.000,'2020-03-05 12:34:19',0),(1369,75,139,1.000,'2020-03-05 12:34:25',0),(1370,75,140,2.000,'2020-03-05 12:34:29',0),(1371,75,141,1.000,'2020-03-05 12:34:30',0),(1372,75,142,1.000,'2020-03-05 12:34:33',0),(1373,75,142,1.000,'2020-03-05 12:34:34',0),(1374,75,116,3.000,'2020-03-05 12:45:37',0),(1375,75,117,4.000,'2020-03-05 12:45:38',0),(1376,75,118,1.000,'2020-03-05 12:45:39',0),(1377,75,116,2.000,'2020-03-05 12:46:52',0),(1378,75,117,2.000,'2020-03-05 12:46:53',0),(1379,75,118,1.000,'2020-03-05 12:46:54',0),(1380,75,124,1.000,'2020-03-05 12:47:27',0),(1381,75,125,1.000,'2020-03-05 12:47:28',0),(1382,75,126,1.000,'2020-03-05 12:47:29',0),(1383,75,127,1.000,'2020-03-05 12:47:30',0),(1384,75,129,1.000,'2020-03-05 12:47:46',0),(1385,75,130,1.000,'2020-03-05 12:47:47',0),(1386,75,131,1.000,'2020-03-05 12:47:48',0),(1387,75,132,1.000,'2020-03-05 12:47:49',0),(1388,75,133,1.000,'2020-03-05 12:47:50',0),(1389,75,134,1.000,'2020-03-05 12:47:50',0),(1390,75,135,1.000,'2020-03-05 12:47:51',0),(1391,75,136,1.000,'2020-03-05 12:47:52',0),(1392,75,138,1.000,'2020-03-05 12:47:57',0),(1393,75,139,1.000,'2020-03-05 12:47:58',0),(1394,75,140,1.000,'2020-03-05 12:47:59',0),(1395,75,141,1.000,'2020-03-05 12:48:00',0),(1396,75,116,2.000,'2020-03-05 13:11:48',0),(1397,75,117,2.000,'2020-03-05 13:11:49',0),(1398,75,118,1.000,'2020-03-05 13:11:50',0),(1399,75,124,1.000,'2020-03-05 13:12:04',0),(1400,75,125,1.000,'2020-03-05 13:12:06',0),(1401,75,126,1.000,'2020-03-05 13:12:07',0),(1402,75,127,1.000,'2020-03-05 13:12:07',0),(1403,75,129,1.000,'2020-03-05 13:12:11',0),(1404,75,130,1.000,'2020-03-05 13:12:12',0),(1405,75,131,1.000,'2020-03-05 13:12:13',0),(1406,75,132,1.000,'2020-03-05 13:12:14',0),(1407,75,133,1.000,'2020-03-05 13:12:15',0),(1408,75,134,1.000,'2020-03-05 13:12:15',0),(1409,75,135,1.000,'2020-03-05 13:12:16',0),(1410,75,136,1.000,'2020-03-05 13:12:17',0),(1411,75,138,1.000,'2020-03-05 13:12:20',0),(1412,75,139,1.000,'2020-03-05 13:12:21',0),(1413,75,140,1.000,'2020-03-05 13:12:22',0),(1414,75,141,1.000,'2020-03-05 13:12:23',0),(1415,75,116,2.000,'2020-03-05 13:13:40',0),(1416,75,117,2.000,'2020-03-05 13:13:41',0),(1417,75,118,2.000,'2020-03-05 13:13:42',0),(1418,75,124,1.000,'2020-03-05 13:13:55',0),(1419,75,125,1.000,'2020-03-05 13:13:56',0),(1420,75,126,1.000,'2020-03-05 13:13:57',0),(1421,75,127,1.000,'2020-03-05 13:14:00',0),(1422,75,129,1.000,'2020-03-05 13:14:03',0),(1423,75,130,1.000,'2020-03-05 13:14:06',0),(1424,75,131,2.000,'2020-03-05 13:14:08',0),(1425,75,132,1.000,'2020-03-05 13:14:08',0),(1426,75,133,1.000,'2020-03-05 13:14:09',0),(1427,75,134,1.000,'2020-03-05 13:14:10',0),(1428,75,135,1.000,'2020-03-05 13:14:11',0),(1429,75,136,1.000,'2020-03-05 13:14:11',0),(1430,75,138,1.000,'2020-03-05 13:14:15',0),(1431,75,139,1.000,'2020-03-05 13:14:15',0),(1432,75,140,1.000,'2020-03-05 13:14:16',0),(1433,75,141,1.000,'2020-03-05 13:14:17',0),(1434,75,116,2.000,'2020-03-05 13:14:42',0),(1435,75,117,3.000,'2020-03-05 13:14:43',0),(1436,75,118,1.000,'2020-03-05 13:14:44',0),(1437,75,124,1.000,'2020-03-05 13:14:56',0),(1438,75,125,1.000,'2020-03-05 13:14:56',0),(1439,75,126,1.000,'2020-03-05 13:14:57',0),(1440,75,127,1.000,'2020-03-05 13:14:59',0),(1441,75,129,1.000,'2020-03-05 13:15:02',0),(1442,75,130,1.000,'2020-03-05 13:15:03',0),(1443,75,131,1.000,'2020-03-05 13:15:04',0),(1444,75,132,1.000,'2020-03-05 13:15:05',0),(1445,75,133,1.000,'2020-03-05 13:15:06',0),(1446,75,134,1.000,'2020-03-05 13:15:07',0),(1447,75,135,1.000,'2020-03-05 13:15:07',0),(1448,75,136,1.000,'2020-03-05 13:15:08',0),(1449,75,138,1.000,'2020-03-05 13:15:12',0),(1450,75,139,1.000,'2020-03-05 13:15:12',0),(1451,75,140,1.000,'2020-03-05 13:15:13',0),(1452,75,141,1.000,'2020-03-05 13:15:14',0),(1453,75,116,1.000,'2020-03-05 13:16:00',0),(1454,75,117,2.000,'2020-03-05 13:16:01',0),(1455,75,118,1.000,'2020-03-05 13:16:02',0),(1456,75,124,1.000,'2020-03-05 13:16:14',0),(1457,75,125,1.000,'2020-03-05 13:16:15',0),(1458,75,126,1.000,'2020-03-05 13:16:15',0),(1459,75,127,1.000,'2020-03-05 13:16:16',0),(1460,75,129,1.000,'2020-03-05 13:16:19',0),(1461,75,130,1.000,'2020-03-05 13:16:20',0),(1462,75,131,1.000,'2020-03-05 13:16:21',0),(1463,75,132,1.000,'2020-03-05 13:16:22',0),(1464,75,133,1.000,'2020-03-05 13:16:23',0),(1465,75,134,1.000,'2020-03-05 13:16:24',0),(1466,75,135,1.000,'2020-03-05 13:16:24',0),(1467,75,136,1.000,'2020-03-05 13:16:25',0),(1468,75,138,1.000,'2020-03-05 13:16:28',0),(1469,75,139,1.000,'2020-03-05 13:16:29',0),(1470,75,140,2.000,'2020-03-05 13:16:30',0),(1471,75,141,1.000,'2020-03-05 13:16:30',0),(1472,75,116,2.000,'2020-03-05 13:17:01',0),(1473,75,117,3.000,'2020-03-05 13:17:02',0),(1474,75,118,1.000,'2020-03-05 13:17:03',0),(1475,75,124,1.000,'2020-03-05 13:17:15',0),(1476,75,125,1.000,'2020-03-05 13:17:16',0),(1477,75,126,1.000,'2020-03-05 13:17:17',0),(1478,75,127,1.000,'2020-03-05 13:17:17',0),(1479,75,129,1.000,'2020-03-05 13:17:21',0),(1480,75,130,1.000,'2020-03-05 13:17:22',0),(1481,75,131,1.000,'2020-03-05 13:17:23',0),(1482,75,132,1.000,'2020-03-05 13:17:24',0),(1483,75,133,1.000,'2020-03-05 13:17:24',0),(1484,75,134,1.000,'2020-03-05 13:17:25',0),(1485,75,135,1.000,'2020-03-05 13:17:26',0),(1486,75,136,1.000,'2020-03-05 13:17:27',0),(1487,75,138,1.000,'2020-03-05 13:17:30',0),(1488,75,139,1.000,'2020-03-05 13:17:31',0),(1489,75,140,1.000,'2020-03-05 13:17:31',0),(1490,75,141,1.000,'2020-03-05 13:17:32',0),(1491,75,116,2.000,'2020-03-05 14:04:43',0),(1492,75,117,2.000,'2020-03-05 14:04:45',0),(1493,75,118,1.000,'2020-03-05 14:04:46',0),(1494,75,124,1.000,'2020-03-05 14:05:09',0),(1495,75,125,1.000,'2020-03-05 14:05:10',0),(1496,75,126,1.000,'2020-03-05 14:05:11',0),(1497,75,127,1.000,'2020-03-05 14:05:12',0),(1498,75,129,1.000,'2020-03-05 14:05:16',0),(1499,75,130,1.000,'2020-03-05 14:05:17',0),(1500,75,131,1.000,'2020-03-05 14:05:18',0),(1501,75,132,1.000,'2020-03-05 14:05:19',0),(1502,75,133,1.000,'2020-03-05 14:05:20',0),(1503,75,134,1.000,'2020-03-05 14:05:20',0),(1504,75,135,1.000,'2020-03-05 14:05:21',0),(1505,75,136,1.000,'2020-03-05 14:05:22',0),(1506,75,138,1.000,'2020-03-05 14:05:28',0),(1507,75,139,1.000,'2020-03-05 14:05:29',0),(1508,75,140,1.000,'2020-03-05 14:05:30',0),(1509,75,141,1.000,'2020-03-05 14:05:31',0),(1510,75,116,2.000,'2020-03-05 15:26:12',0),(1511,75,117,3.000,'2020-03-05 15:26:16',0),(1512,75,118,2.000,'2020-03-05 15:26:23',0),(1513,75,124,1.000,'2020-03-05 15:27:03',0),(1514,75,125,1.000,'2020-03-05 15:27:06',0),(1515,75,126,1.000,'2020-03-05 15:27:22',0),(1516,75,127,1.000,'2020-03-05 15:27:24',0),(1517,75,129,1.000,'2020-03-05 15:27:39',0),(1518,75,130,1.000,'2020-03-05 15:27:45',0),(1519,75,131,1.000,'2020-03-05 15:27:49',0),(1520,75,132,1.000,'2020-03-05 15:27:52',0),(1521,75,133,1.000,'2020-03-05 15:27:55',0),(1522,75,134,1.000,'2020-03-05 15:27:58',0),(1523,75,135,2.000,'2020-03-05 15:28:00',0),(1524,75,136,2.000,'2020-03-05 15:28:05',0),(1525,75,138,2.000,'2020-03-05 15:28:13',0),(1526,75,139,2.000,'2020-03-05 15:28:16',0),(1527,75,140,2.000,'2020-03-05 15:28:21',0),(1528,75,141,1.000,'2020-03-05 15:28:24',0);
/*!40000 ALTER TABLE `answer` ENABLE KEYS */;
UNLOCK TABLES;

--
-- Table structure for table `doctor`
--

DROP TABLE IF EXISTS `doctor`;
/*!40101 SET @saved_cs_client     = @@character_set_client */;
/*!40101 SET character_set_client = utf8 */;
CREATE TABLE `doctor` (
  `iddoctor` int(11) NOT NULL AUTO_INCREMENT,
  `username` varchar(255) DEFAULT NULL,
  `password` varchar(255) DEFAULT NULL,
  `address` mediumtext,
  `firstname` varchar(255) DEFAULT NULL,
  `lastname` varchar(255) DEFAULT NULL,
  `hospital` varchar(255) DEFAULT NULL,
  `telephone` varchar(255) DEFAULT NULL,
  `notify_email` int(11) DEFAULT '0',
  `notify_sms` int(11) DEFAULT '0',
  PRIMARY KEY (`iddoctor`)
) ENGINE=InnoDB AUTO_INCREMENT=12 DEFAULT CHARSET=latin1;
/*!40101 SET character_set_client = @saved_cs_client */;

--
-- Dumping data for table `doctor`
--

LOCK TABLES `doctor` WRITE;
/*!40000 ALTER TABLE `doctor` DISABLE KEYS */;
INSERT INTO `doctor` VALUES (8,'test@example.org','$2y$10$Wrqwf3nuDJEyWY6nJb4SDuegRCqSGJswXeaawAwGkBy7hn282PjGC','','','','','4917612345678',0,0),(9,'alexander.h.thieme@gmail.com','$2y$10$3Sf9D7eOjxfr4SrOBtyDXOaLNm3RXkxzpPAw/EC6GyJyVIu05p/n6','Address','Alexander','Lastname','Hospital','4915755028751',1,0),(10,'alexander-henry.thieme@charite.de','$2y$10$S6IAgnKwVofrrfJWOGI/WOJl2JwZMl0Ry5Z3TUKjK7kPa9uRjSzVO','Augustenburger Platz 1','Alexander','Thieme','Charite','4915755028751',1,1),(11,'test@example.com','$2y$10$j6b9GE07B65vB27RyhCMvOZxCzwzeVW3yzHw4mvvvEBjRjszqaOtG','','','','','4915755028751',0,1);
/*!40000 ALTER TABLE `doctor` ENABLE KEYS */;
UNLOCK TABLES;

--
-- Temporary view structure for view `new_view`
--

DROP TABLE IF EXISTS `new_view`;
/*!50001 DROP VIEW IF EXISTS `new_view`*/;
SET @saved_cs_client     = @@character_set_client;
SET character_set_client = utf8;
/*!50001 CREATE VIEW `new_view` AS SELECT 
 1 AS `text`*/;
SET character_set_client = @saved_cs_client;

--
-- Table structure for table `patient`
--

DROP TABLE IF EXISTS `patient`;
/*!40101 SET @saved_cs_client     = @@character_set_client */;
/*!40101 SET character_set_client = utf8 */;
CREATE TABLE `patient` (
  `idpatient` int(11) NOT NULL AUTO_INCREMENT,
  `foreignid` varchar(45) DEFAULT NULL,
  `password_patient` varchar(255) DEFAULT NULL,
  `password_doctor` varchar(255) DEFAULT NULL,
  `startdate` date DEFAULT NULL,
  `idsheet` int(11) DEFAULT NULL,
  `iddoctor` int(11) DEFAULT NULL,
  `lastname` varchar(255) DEFAULT NULL,
  `firstname` varchar(255) DEFAULT NULL,
  `sex` int(11) DEFAULT NULL,
  `birthday` date DEFAULT NULL,
  PRIMARY KEY (`idpatient`)
) ENGINE=InnoDB AUTO_INCREMENT=76 DEFAULT CHARSET=latin1;
/*!40101 SET character_set_client = @saved_cs_client */;

--
-- Dumping data for table `patient`
--

LOCK TABLES `patient` WRITE;
/*!40000 ALTER TABLE `patient` DISABLE KEYS */;
INSERT INTO `patient` VALUES (46,'Lung','$2y$10$.c0IEQLq81Z7EipA8raz3Op6aUZ2/OnzIqEDsxzAdOXsg1iOL/fzu','$2y$10$Hq3Ef/BBUUQ6vRgauFcoQOL8FdOjxADQtpm1z1T6kvm9tIznjmooO','2018-10-13',2,1,'Lung','Test2',1,'1990-01-01'),(47,'Prostate','$2y$10$QzslY2H3V3e5AcY0yDqJbOc8ujutE6lGp2UkoxMNkm3EyhLQ8mqJW','$2y$10$z7Al06kvThXdOuS33z/p8OYWxbPlvxy1kQpOYx6eEFWYwUWn6D7UC','2017-10-13',3,1,'Prostate','Test1',0,'1990-01-01'),(48,'Gyn','$2y$10$wWa8b6tlJXy5dljn.XeCm.j44WZh07axwsz19eb1Tqaptqo4fYLHW','$2y$10$popHs6H.Z5RKN7X/hC0v0er1h4lxbq.cM9mMoaOXGiMSYfFJ1zkcG','2018-10-13',4,1,'Gyn','Test1',1,'1990-01-01'),(53,'Head&Neck','$2y$10$kDMH8qg.G3E4bkBKCCIxTeGrLdpaBqg/kGVW5eBzHojolYy9pOo6.','$2y$10$WpocL5RVARWy5MM/.RVfFeCJOfzwUXEpaqNBX8E.fTUKECenZ1JuO','2018-10-13',1,1,'Head&Neck','Test',0,'1990-01-01'),(57,'test','$2y$10$ZR2CuH4ueecB13ciuO37Numj17NZLUFtJHtSDCmlQ2SN6wLkivj0q','$2y$10$ljQQ1DMnP1r9Rv8/2knI/OksQd5LF6vhSTePmg4GZQREiWdCFvq9u','2018-10-13',1,1,'H&N','first',0,'1990-01-01'),(58,'1','$2y$10$MX4skKvyZSGqOIkpacmWQue7hb6fwNQZ9sf49iAdnFmawtLrrCcou','$2y$10$.3C1Kk/nDq.GqmUJLI7uxuxJZhwnmB54iW71YLJ7MMAzMJmmSw9lm','2018-10-15',1,8,'Head&Neck','Demo',1,'1990-01-01'),(59,'2','$2y$10$vS9IvnH6LKlxDcqdBECI9ust4SjikngN.TbiGg0MKMym22zS.vAXu','$2y$10$5PspjAsgp6fF7G2SbeIY..3yPFkDhCuQC/cNwZ9mCq2KbVPq5JZue','2018-10-15',2,8,'Lung','Demo',0,'1990-01-01'),(60,'1','$2y$10$zMMf3BufbAAY88sfqDnwHu6IV204TBW5wkmZrs.vXf4zTQvBA9dDC','$2y$10$5DnzmCFa9UimKju4TNzki.QBduZmuBBzwEsjhq/7ecywCRsQJdHd.','2018-10-15',1,9,'LastName','FirstName',2,NULL),(62,'none','$2y$10$Rdj2xHA9F.gicATjPxGbreQWXU4B8vExczpn/TmaRUQzAPnxD28FC','$2y$10$h/MkG0/8hC9..m8tMLALIuO/mP.OmCx5fMvumKIphhzcV2N6gTP8C','2018-10-10',1,9,'Last Name','First Name',1,'2018-10-01'),(66,'Lung','$2y$10$en6Q93NvLu2n4CAPdJVlAuGriKH20llYeSbYB6wBFpP089TREKQse','$2y$10$g3L5VWf/RgR3UWjcV1n.PuSRdA1Awtj9Pr/hZ7G8Jg6/xk1xutZT6','2018-10-15',2,11,'Lung','Demo',2,NULL),(67,'Head&Neck','$2y$10$TdcL3Nki/UwaTTmwFlBmy.iHDKSTDWTQOjiuW9g6g42zVuz1n1mm6','$2y$10$XOIHRyfIk.gJERrYI0Y9reP4OP7lmgBBCtEuvCFW5Qt8RxE3lxr9m','2018-10-15',1,11,'Head&Neck','Demo',2,NULL),(68,'Prostate','$2y$10$JQ1z.07mMQCgmbcCQn2cXesL.9.zw1em6N8dIDqSiVuy06fNo5UrC','$2y$10$Jr3.h8wGZPAtgwmUbTP8xeTB830c4Y2qHr2RC9Sp3KdKl9R2f.vtO','2018-10-15',3,11,'Prostate','Demo',2,NULL),(69,'Gyn','$2y$10$L2uFKitiWVvclklANo13oeuwJR/8xhzBg35JPUiZNyz4RgMk9o1eC','$2y$10$rBrXsA07wWE7Qy7A4FtmXOhw6YC2kepw.SHXpyf4jhJCXgC8JES6i','2018-10-15',4,11,'Gyn','Demo',2,NULL),(75,'SAP Nr','$2y$10$oOA.DF9aVQfwFpNizJB4Mez3nCKalvvAFuSlSphwaC.3ylDrzm/Lm','$2y$10$deV9jA7c8G0JMm/MsnHESuadL526GX.fCN/R/p83XySxdDDkt1v/G','2020-03-05',8,10,NULL,NULL,NULL,NULL);
/*!40000 ALTER TABLE `patient` ENABLE KEYS */;
UNLOCK TABLES;

--
-- Table structure for table `qrcode`
--

DROP TABLE IF EXISTS `qrcode`;
/*!40101 SET @saved_cs_client     = @@character_set_client */;
/*!40101 SET character_set_client = utf8 */;
CREATE TABLE `qrcode` (
  `id` int(11) NOT NULL,
  `password` int(11) DEFAULT NULL,
  `time` datetime DEFAULT NULL,
  `qrread` int(11) DEFAULT '0',
  PRIMARY KEY (`id`)
) ENGINE=InnoDB DEFAULT CHARSET=latin1;
/*!40101 SET character_set_client = @saved_cs_client */;

--
-- Dumping data for table `qrcode`
--

LOCK TABLES `qrcode` WRITE;
/*!40000 ALTER TABLE `qrcode` DISABLE KEYS */;
INSERT INTO `qrcode` VALUES (100789310,169627909,'2020-03-08 16:44:40',0),(106497872,338582114,'2020-03-07 20:59:18',0),(132427124,939902560,'2020-03-08 07:36:53',0),(154978206,396657347,'2020-03-09 13:30:09',0),(214542488,910424002,'2020-03-08 02:00:05',0),(229423977,127302714,'2020-03-09 13:29:55',0),(237831106,184260018,'2020-03-08 18:12:19',0),(244897553,546462251,'2020-03-07 20:48:09',0),(262799128,553702094,'2020-03-08 18:17:25',0),(265952016,923981435,'2020-03-08 18:29:36',0),(276704945,180083564,'2020-03-07 20:53:45',0),(288411845,884485864,'2020-03-08 09:49:13',0),(291039476,206639407,'2020-03-07 20:28:20',0),(303333574,489950930,'2020-03-08 21:35:40',0),(346399838,142430428,'2020-03-08 21:42:37',0),(362306966,153035440,'2020-03-09 13:20:09',0),(368837243,773148235,'2020-03-09 21:21:44',0),(379540283,51263596,'2020-03-08 01:55:01',0),(386319028,166435000,'2020-03-07 21:14:17',0),(387960049,194010779,'2020-03-09 10:07:02',0),(396038693,350113812,'2020-03-09 12:43:38',0),(414968115,796908224,'2020-03-09 12:28:22',0),(415189394,584557231,'2020-03-07 21:12:06',0),(420482352,411945457,'2020-03-08 07:34:56',0),(425461400,316330222,'2020-03-08 21:43:30',0),(427184509,395882424,'2020-03-09 13:29:39',0),(440186557,750237112,'2020-03-08 07:35:35',0),(468773118,637421032,'2020-03-08 08:27:20',0),(479101672,947735271,'2020-03-07 23:07:24',0),(479974412,972092025,'2020-03-08 21:42:27',0),(510850477,522939820,'2020-03-07 20:29:45',0),(516578520,843584743,'2020-03-09 15:21:30',0),(521839427,447707590,'2020-03-08 07:36:27',0),(522912934,754306296,'2020-03-08 16:44:54',0),(536400209,679471216,'2020-03-09 12:42:41',0),(536741326,405197069,'2020-03-08 07:31:36',0),(541886714,297021125,'2020-03-08 07:35:41',0),(546764055,502361809,'2020-03-07 21:12:55',0),(561296333,371267009,'2020-03-08 21:36:19',0),(565336441,143634312,'2020-03-08 21:36:07',0),(577799421,810142790,'2020-03-07 20:49:58',0),(593507887,307617901,'2020-03-07 20:56:32',0),(596010325,629203006,'2020-03-08 21:43:37',0),(608308978,161211261,'2020-03-07 22:28:52',0),(611662692,279266505,'2020-03-09 12:54:25',0),(612571654,849951735,'2020-03-09 12:40:15',0),(612924462,559732430,'2020-03-09 13:12:48',0),(631748279,120140606,'2020-03-08 21:34:45',0),(654079474,237624490,'2020-03-08 18:13:32',0),(676985932,846306686,'2020-03-07 21:13:33',0),(697067189,220852198,'2020-03-09 15:43:48',0),(709081320,998162697,'2020-03-09 13:09:05',0),(735157810,812214958,'2020-03-07 21:10:19',0),(737895241,603816639,'2020-03-08 10:00:46',0),(743382979,527131284,'2020-03-07 20:51:10',0),(746165093,8031894,'2020-03-07 21:00:33',0),(748649791,322023795,'2020-03-07 22:16:03',0),(761557406,161559703,'2020-03-08 07:32:04',0),(790741681,314607301,'2020-03-08 21:37:23',0),(802051947,838383788,'2020-03-08 07:36:11',0),(814245634,539845768,'2020-03-07 22:45:54',0),(814890598,289182772,'2020-03-09 13:20:45',0),(819432417,921045672,'2020-03-09 15:43:50',0),(821129836,357146667,'2020-03-07 21:10:01',0),(822234334,537441793,'2020-03-08 12:56:58',0),(833153933,124028624,'2020-03-08 13:18:14',0),(837052759,953188939,'2020-03-08 21:39:34',0),(842933891,153317957,'2020-03-08 18:53:51',0),(850129276,758056023,'2020-03-08 14:07:12',0),(857302431,710789384,'2020-03-09 10:52:06',0),(871061615,304099364,'2020-03-07 21:28:05',0),(896852546,34076125,'2020-03-07 22:42:48',0),(916030023,448021651,'2020-03-08 21:38:51',0),(921053690,606470289,'2020-03-09 11:37:34',0),(921256648,779509709,'2020-03-08 08:28:06',0),(942944547,281484420,'2020-03-07 20:52:02',0),(965154621,129916027,'2020-03-07 20:49:44',0),(967371049,201015902,'2020-03-08 07:34:45',0),(976147042,904716762,'2020-03-08 07:36:42',0),(978200779,318325318,'2020-03-07 20:15:41',0),(990014913,467194236,'2020-03-08 21:44:20',0),(997657660,690045642,'2020-03-09 15:40:07',0);
/*!40000 ALTER TABLE `qrcode` ENABLE KEYS */;
UNLOCK TABLES;

--
-- Table structure for table `question`
--

DROP TABLE IF EXISTS `question`;
/*!40101 SET @saved_cs_client     = @@character_set_client */;
/*!40101 SET character_set_client = utf8 */;
CREATE TABLE `question` (
  `idquestion` int(11) NOT NULL AUTO_INCREMENT,
  `XMLFIELD` varchar(256) DEFAULT NULL,
  `type` int(11) DEFAULT NULL,
  `score1` double DEFAULT NULL,
  `score2` double DEFAULT NULL,
  `score3` double DEFAULT NULL,
  `score4` double DEFAULT NULL,
  `score5` double DEFAULT NULL,
  `score6` double DEFAULT NULL,
  `score7` double DEFAULT NULL,
  `score8` double DEFAULT NULL,
  `score9` double DEFAULT NULL,
  `score10` double DEFAULT NULL,
  `nextquestion1` int(11) DEFAULT NULL,
  `nextquestion2` int(11) DEFAULT NULL,
  `nextquestion3` int(11) DEFAULT NULL,
  `nextquestion4` int(11) DEFAULT NULL,
  `nextquestion5` int(11) DEFAULT NULL,
  `nextquestion6` int(11) DEFAULT NULL,
  `nextquestion7` int(11) DEFAULT NULL,
  `nextquestion8` int(11) DEFAULT NULL,
  `nextquestion9` int(11) DEFAULT NULL,
  `nextquestion10` int(11) DEFAULT NULL,
  `enabled` int(11) DEFAULT '1',
  PRIMARY KEY (`idquestion`)
) ENGINE=InnoDB AUTO_INCREMENT=155 DEFAULT CHARSET=latin1;
/*!40101 SET character_set_client = @saved_cs_client */;

--
-- Dumping data for table `question`
--

LOCK TABLES `question` WRITE;
/*!40000 ALTER TABLE `question` DISABLE KEYS */;
INSERT INTO `question` VALUES (1,'AGE',1,NULL,NULL,NULL,NULL,NULL,NULL,NULL,NULL,NULL,NULL,NULL,NULL,NULL,NULL,NULL,NULL,NULL,NULL,NULL,NULL,1),(2,'HOMESITUATION',1,NULL,NULL,NULL,NULL,NULL,NULL,NULL,NULL,NULL,NULL,NULL,NULL,NULL,NULL,NULL,NULL,NULL,NULL,NULL,NULL,1),(3,'PROFESSION',1,NULL,NULL,NULL,NULL,NULL,NULL,NULL,NULL,NULL,NULL,NULL,NULL,NULL,NULL,NULL,NULL,NULL,NULL,NULL,NULL,1),(4,'SMOKER',1,NULL,NULL,NULL,NULL,NULL,NULL,NULL,NULL,NULL,NULL,NULL,NULL,NULL,NULL,NULL,NULL,NULL,NULL,NULL,NULL,1),(5,'OUTSIDEBERLIN',1,NULL,NULL,NULL,NULL,NULL,NULL,NULL,NULL,NULL,NULL,NULL,16,NULL,NULL,NULL,NULL,NULL,NULL,NULL,NULL,1),(6,'OUTSIDEGERMANY',1,NULL,NULL,NULL,NULL,NULL,NULL,NULL,NULL,NULL,NULL,NULL,15,NULL,NULL,NULL,NULL,NULL,NULL,NULL,NULL,1),(7,'ABROADCOUNTRY',1,NULL,NULL,NULL,NULL,NULL,NULL,NULL,NULL,NULL,NULL,NULL,9,10,11,15,NULL,NULL,NULL,NULL,NULL,1),(8,'REGIONITALY',1,1000,1000,1000,1000,NULL,NULL,NULL,NULL,NULL,NULL,15,15,15,15,15,15,15,15,15,15,1),(9,'REGIONIRAN',1,1000,1000,NULL,NULL,NULL,NULL,NULL,NULL,NULL,NULL,15,15,15,15,15,15,15,15,15,15,1),(10,'REGIONCHINA',1,1000,NULL,NULL,NULL,NULL,NULL,NULL,NULL,NULL,NULL,15,15,15,15,15,15,15,15,15,15,1),(11,'REGIONSOUTHKOREA',1,1000,NULL,NULL,NULL,NULL,NULL,NULL,NULL,NULL,NULL,15,15,15,15,15,15,15,15,15,15,1),(12,'REGION1',1,NULL,NULL,NULL,NULL,NULL,NULL,NULL,NULL,NULL,NULL,NULL,NULL,NULL,NULL,NULL,NULL,NULL,NULL,NULL,NULL,1),(13,'REGION2',1,NULL,NULL,NULL,NULL,NULL,NULL,NULL,NULL,NULL,NULL,NULL,NULL,NULL,NULL,NULL,NULL,NULL,NULL,NULL,NULL,1),(14,'REGION3',1,NULL,NULL,NULL,NULL,NULL,NULL,NULL,NULL,NULL,NULL,NULL,NULL,NULL,NULL,NULL,NULL,NULL,NULL,NULL,NULL,1),(15,'DATERETURNJOURNEY',1,NULL,NULL,NULL,NULL,NULL,NULL,NULL,NULL,NULL,NULL,NULL,NULL,NULL,NULL,NULL,NULL,NULL,NULL,NULL,NULL,1),(16,'CONTACTVERIFIEDCASE',1,NULL,NULL,NULL,NULL,NULL,NULL,NULL,NULL,NULL,NULL,18,NULL,NULL,NULL,NULL,NULL,NULL,NULL,NULL,NULL,1),(17,'CONTACTSUSPECTEDCASE',1,NULL,NULL,NULL,NULL,NULL,NULL,NULL,NULL,NULL,NULL,NULL,19,NULL,NULL,NULL,NULL,NULL,NULL,NULL,NULL,1),(18,'DATECONTACT',1,100,NULL,NULL,NULL,NULL,NULL,NULL,NULL,NULL,NULL,NULL,NULL,NULL,NULL,NULL,NULL,NULL,NULL,NULL,NULL,1),(19,'FEVER24H',1,1,NULL,NULL,NULL,NULL,NULL,NULL,NULL,NULL,NULL,21,NULL,NULL,NULL,NULL,NULL,NULL,NULL,NULL,NULL,1),(20,'FEVER4D',1,1,NULL,NULL,NULL,NULL,NULL,NULL,NULL,NULL,NULL,NULL,22,NULL,NULL,NULL,NULL,NULL,NULL,NULL,NULL,1),(21,'FEVERHIGHESTTEMPERATURE',1,NULL,NULL,NULL,NULL,NULL,NULL,NULL,NULL,NULL,NULL,NULL,NULL,NULL,NULL,NULL,NULL,NULL,NULL,NULL,NULL,1),(22,'CHILL',1,1,NULL,NULL,NULL,NULL,NULL,NULL,NULL,NULL,NULL,NULL,NULL,NULL,NULL,NULL,NULL,NULL,NULL,NULL,NULL,1),(23,'EXHAUSTION',1,1,NULL,NULL,NULL,NULL,NULL,NULL,NULL,NULL,NULL,NULL,NULL,NULL,NULL,NULL,NULL,NULL,NULL,NULL,NULL,1),(24,'LIMBPAIN',1,1,NULL,NULL,NULL,NULL,NULL,NULL,NULL,NULL,NULL,NULL,NULL,NULL,NULL,NULL,NULL,NULL,NULL,NULL,NULL,1),(25,'COUGH',1,1,NULL,NULL,NULL,NULL,NULL,NULL,NULL,NULL,NULL,NULL,NULL,NULL,NULL,NULL,NULL,NULL,NULL,NULL,NULL,1),(26,'RHINITIS',1,1,NULL,NULL,NULL,NULL,NULL,NULL,NULL,NULL,NULL,NULL,NULL,NULL,NULL,NULL,NULL,NULL,NULL,NULL,NULL,1),(27,'DIARRHAE',1,1,NULL,NULL,NULL,NULL,NULL,NULL,NULL,NULL,NULL,NULL,NULL,NULL,NULL,NULL,NULL,NULL,NULL,NULL,NULL,1),(28,'SORETHROAT',1,1,NULL,NULL,NULL,NULL,NULL,NULL,NULL,NULL,NULL,NULL,NULL,NULL,NULL,NULL,NULL,NULL,NULL,NULL,NULL,1),(29,'LUNGDISEASE',1,10,NULL,NULL,NULL,NULL,NULL,NULL,NULL,NULL,NULL,NULL,NULL,NULL,NULL,NULL,NULL,NULL,NULL,NULL,NULL,1),(30,'DIABETES',1,10,NULL,NULL,NULL,NULL,NULL,NULL,NULL,NULL,NULL,NULL,NULL,NULL,NULL,NULL,NULL,NULL,NULL,NULL,NULL,1),(31,'HEARTDISEASE',1,10,NULL,NULL,NULL,NULL,NULL,NULL,NULL,NULL,NULL,NULL,NULL,NULL,NULL,NULL,NULL,NULL,NULL,NULL,NULL,1),(32,'OVERWEIGHT',1,10,NULL,NULL,NULL,NULL,NULL,NULL,NULL,NULL,NULL,NULL,NULL,NULL,NULL,NULL,NULL,NULL,NULL,NULL,NULL,1),(33,'PREGNANCY',1,10,NULL,NULL,NULL,NULL,NULL,NULL,NULL,NULL,NULL,NULL,NULL,NULL,NULL,NULL,NULL,NULL,NULL,NULL,NULL,1),(34,'CORTISONE',1,10,NULL,NULL,NULL,NULL,NULL,NULL,NULL,NULL,NULL,NULL,NULL,NULL,NULL,NULL,NULL,NULL,NULL,NULL,NULL,1),(35,'IMMUNSUPPRESSANT',1,10,NULL,NULL,NULL,NULL,NULL,NULL,NULL,NULL,NULL,NULL,NULL,NULL,NULL,NULL,NULL,NULL,NULL,NULL,NULL,1);
/*!40000 ALTER TABLE `question` ENABLE KEYS */;
UNLOCK TABLES;

--
-- Table structure for table `questiontext`
--

DROP TABLE IF EXISTS `questiontext`;
/*!40101 SET @saved_cs_client     = @@character_set_client */;
/*!40101 SET character_set_client = utf8 */;
CREATE TABLE `questiontext` (
  `idquestiontext` int(11) NOT NULL AUTO_INCREMENT,
  `idquestion` int(11) NOT NULL,
  `language` int(11) DEFAULT NULL,
  `text` mediumtext,
  `comment` mediumtext,
  `option1` varchar(1000) DEFAULT NULL,
  `option2` varchar(1000) DEFAULT NULL,
  `option3` varchar(1000) DEFAULT NULL,
  `option4` varchar(1000) DEFAULT NULL,
  `option5` varchar(1000) DEFAULT NULL,
  `option6` varchar(1000) DEFAULT NULL,
  `option7` varchar(1000) DEFAULT NULL,
  `option8` varchar(1000) DEFAULT NULL,
  `option9` varchar(1000) DEFAULT NULL,
  `option10` varchar(1000) DEFAULT NULL,
  PRIMARY KEY (`idquestiontext`)
) ENGINE=InnoDB AUTO_INCREMENT=246 DEFAULT CHARSET=utf8;
/*!40101 SET character_set_client = @saved_cs_client */;

--
-- Dumping data for table `questiontext`
--

LOCK TABLES `questiontext` WRITE;
/*!40000 ALTER TABLE `questiontext` DISABLE KEYS */;
INSERT INTO `questiontext` VALUES (1,1,1,'Wie alt sind Sie?',NULL,'<20','[20-30]','[30-40]','[40-50]','[50-60]','[60-70]','[70-80]','>80',NULL,NULL),(2,2,1,'Wie ist Ihre aktuelle Wohnsituation?',NULL,'Alleine','Familie','Freunde',NULL,NULL,NULL,NULL,NULL,NULL,NULL),(3,3,1,'Arbeiten Sie in einem der folgenden Bereiche?',NULL,'medizinischer Bereich','Gemeinschaftseinrichtung','Anderer Bereich',NULL,NULL,NULL,NULL,NULL,NULL,NULL),(4,4,1,'Rauchen Sie?',NULL,'ja','nein',NULL,NULL,NULL,NULL,NULL,NULL,NULL,NULL),(5,5,1,'Waren Sie in den letzten 4 Wochen ausserhalb Berlins?',NULL,'ja','nein',NULL,NULL,NULL,NULL,NULL,NULL,NULL,NULL),(6,6,1,'Waren Sie in den letzten 4 Wochen ausserhalb Deutschlands?',NULL,'ja','nein',NULL,NULL,NULL,NULL,NULL,NULL,NULL,NULL),(7,7,1,'Waren Sie in einem der folgenden Länder?',NULL,'Italien','Iran','China','Südkorea','Ich war in keinem der oben genannten Länder',NULL,NULL,NULL,NULL,NULL),(8,8,1,'Italien: Waren Sie in einer der folgenden Regionen?',NULL,'Südtirol (entspricht Provinz Bozen) in der Region Trentino-Südtirol','Region Emilia-Romagna','Region Lombardei','Stadt Vo in der Provinz Padua in der Region Venetien','Ich war in keiner der oben genannten Regionen',NULL,NULL,NULL,NULL,NULL),(9,9,1,'Iran: Waren Sie in einer der folgenden Regionen?',NULL,'Provinz Ghom','Teheran','Ich war in keiner der oben genannten Regionen',NULL,NULL,NULL,NULL,NULL,NULL,NULL),(10,10,1,'China: Waren Sie in einer der folgenden Regionen?',NULL,'Provinz Hubei (inkl. Stadt Wuhan) ','Ich war in keiner der oben genannten Regionen',NULL,NULL,NULL,NULL,NULL,NULL,NULL,NULL),(11,11,1,'Südkorea: Waren Sie in einer der folgenden Regionen?',NULL,'Provinz Gyeongsangbuk-do (Nord-Gyeongsang)','Ich war in keiner der oben genannten Regionen',NULL,NULL,NULL,NULL,NULL,NULL,NULL,NULL),(12,12,1,NULL,NULL,NULL,NULL,NULL,NULL,NULL,NULL,NULL,NULL,NULL,NULL),(13,13,1,NULL,NULL,NULL,NULL,NULL,NULL,NULL,NULL,NULL,NULL,NULL,NULL),(14,14,1,NULL,NULL,NULL,NULL,NULL,NULL,NULL,NULL,NULL,NULL,NULL,NULL),(15,15,1,'Sind Sie in den letzten 14 Tagen zurückgekehrt?',NULL,'ja','nein',NULL,NULL,NULL,NULL,NULL,NULL,NULL,NULL),(16,16,1,'Hatten Sie Kontakt zu einem bestätigtem Fall?',NULL,'ja','nein',NULL,NULL,NULL,NULL,NULL,NULL,NULL,NULL),(17,17,1,'Hatten Sie Kontakt zu einem Verdachtsfall?',NULL,'ja','nein',NULL,NULL,NULL,NULL,NULL,NULL,NULL,NULL),(18,18,1,'Hatten Sie Kontakt in den letzten 14 Tagen?',NULL,'ja','nein',NULL,NULL,NULL,NULL,NULL,NULL,NULL,NULL),(19,19,1,'Hatten Sie Fieber in den letzten 24 Stunden?',NULL,'ja','nein',NULL,NULL,NULL,NULL,NULL,NULL,NULL,NULL),(20,20,1,'Hatten Sie Fieber (über 38°C) in den letzten 4 Tagen?',NULL,'ja','nein',NULL,NULL,NULL,NULL,NULL,NULL,NULL,NULL),(21,21,1,'Wie hoch war die höchste Temperatur?',NULL,'< 38 °C','38 °C','39 °C','40 °C','41 °C','42 °C','> 42 °C','Ich weiß es nicht',NULL,NULL),(22,22,1,'Haben Sie Schüttelfrost?',NULL,'ja','nein',NULL,NULL,NULL,NULL,NULL,NULL,NULL,NULL),(23,23,1,'Fühlen Sie sich schlapp/abgeschlagen?',NULL,'ja','nein',NULL,NULL,NULL,NULL,NULL,NULL,NULL,NULL),(24,24,1,'Haben Sie Gliederschmerzen?',NULL,'ja','nein',NULL,NULL,NULL,NULL,NULL,NULL,NULL,NULL),(25,25,1,'Haben Sie Husten?',NULL,'ja','nein',NULL,NULL,NULL,NULL,NULL,NULL,NULL,NULL),(26,26,1,'Haben Sie Schnupfen?',NULL,'ja','nein',NULL,NULL,NULL,NULL,NULL,NULL,NULL,NULL),(27,27,1,'Haben Sie Durchfall?',NULL,'ja','nein',NULL,NULL,NULL,NULL,NULL,NULL,NULL,NULL),(28,28,1,'Haben Sie Halsschmerzen?',NULL,'ja','nein',NULL,NULL,NULL,NULL,NULL,NULL,NULL,NULL),(29,29,1,'Haben Sie chronische Lungenvorerkrankungen?',NULL,'ja','nein','unbekannt',NULL,NULL,NULL,NULL,NULL,NULL,NULL),(30,30,1,'Haben Sie Diabetes?',NULL,'ja','nein','unbekannt',NULL,NULL,NULL,NULL,NULL,NULL,NULL),(31,31,1,'Haben Sie Herzerkrankungen?',NULL,'ja','nein','unbekannt',NULL,NULL,NULL,NULL,NULL,NULL,NULL),(32,32,1,'Haben Sie Übergewicht?',NULL,'ja','nein','unbekannt',NULL,NULL,NULL,NULL,NULL,NULL,NULL),(33,33,1,'Sind Sie schwanger?',NULL,'ja','nein','unbekannt',NULL,NULL,NULL,NULL,NULL,NULL,NULL),(34,34,1,'Nehmen Sie aktuell Cortison?',NULL,'ja','nein','unbekannt',NULL,NULL,NULL,NULL,NULL,NULL,NULL),(35,35,1,'Nehmen Sie aktuell Immunsuppressiva?',NULL,'ja','nein','unbekannt',NULL,NULL,NULL,NULL,NULL,NULL,NULL),(36,1,0,'How old are you?',NULL,'<20','[20-30]','[30-40]','[40-50]','[50-60]','[60-70]','[70-80]','>80',NULL,NULL),(37,2,0,'How do you live?',NULL,'alone','with family','with friends',NULL,NULL,NULL,NULL,NULL,NULL,NULL),(38,3,0,'Do you work in one of the follwing areas?',NULL,'medical sector','community facilities','other',NULL,NULL,NULL,NULL,NULL,NULL,NULL),(39,4,0,'Do you smoke?',NULL,'yes','no',NULL,NULL,NULL,NULL,NULL,NULL,NULL,NULL),(40,5,0,'Have you been outside of Berlin in the last 4 weeks?',NULL,'yes','no',NULL,NULL,NULL,NULL,NULL,NULL,NULL,NULL),(41,6,0,'Have you been outside of Germany in the last 4 weeks?',NULL,'yes','no',NULL,NULL,NULL,NULL,NULL,NULL,NULL,NULL),(42,7,0,'Have you visited one of the following countries?',NULL,'Italy','Iran','China','South Korea','I haven\'t visited any of these countries',NULL,NULL,NULL,NULL,NULL),(43,8,0,'Italy: Have you visited one of the following regions?',NULL,'region Trentino-South Tirol','region Emilia-Romagna','region Lombardei','Vò in the Province of Padua in the Veneto region','I haven\'t visited any of these regions',NULL,NULL,NULL,NULL,NULL),(44,9,0,'Iran: Have you visited one of the following regions?',NULL,'Qom Province','Tehran','I haven\'t visited any of these regions',NULL,NULL,NULL,NULL,NULL,NULL,NULL),(45,10,0,'China: Have you visited one of the following regions?',NULL,'Province Hubei (including city of Wuhan)','I haven\'t visited any of these regions',NULL,NULL,NULL,NULL,NULL,NULL,NULL,NULL),(46,11,0,'South Korea: Have you visited one of the following regions?',NULL,'Province North Gyeongsang Province','I haven\'t visited any of these regions',NULL,NULL,NULL,NULL,NULL,NULL,NULL,NULL),(47,12,0,NULL,NULL,NULL,NULL,NULL,NULL,NULL,NULL,NULL,NULL,NULL,NULL),(48,13,0,NULL,NULL,NULL,NULL,NULL,NULL,NULL,NULL,NULL,NULL,NULL,NULL),(49,14,0,NULL,NULL,NULL,NULL,NULL,NULL,NULL,NULL,NULL,NULL,NULL,NULL),(50,15,0,'Did you return in the last 14 days?',NULL,'yes','no',NULL,NULL,NULL,NULL,NULL,NULL,NULL,NULL),(51,16,0,'Did you have contact with a verified case?',NULL,'yes','no',NULL,NULL,NULL,NULL,NULL,NULL,NULL,NULL),(52,17,0,'Did you have contact with a suspected case?',NULL,'yes','no',NULL,NULL,NULL,NULL,NULL,NULL,NULL,NULL),(53,18,0,'Did you have contact in the last 14 days?',NULL,'yes','no',NULL,NULL,NULL,NULL,NULL,NULL,NULL,NULL),(54,19,0,'Did you have fever in the last 24 hours?',NULL,'yes','no',NULL,NULL,NULL,NULL,NULL,NULL,NULL,NULL),(55,20,0,'Did you have fever (above 38°C) in the last 4 days?',NULL,'yes','no',NULL,NULL,NULL,NULL,NULL,NULL,NULL,NULL),(56,21,0,'What was the highest temperature?',NULL,'< 38 °C','38 °C','39 °C','40 °C','41 °C','42 °C','> 42 °C','I don\'t know',NULL,NULL),(57,22,0,'Do you have chills?',NULL,'yes','no',NULL,NULL,NULL,NULL,NULL,NULL,NULL,NULL),(58,23,0,'Do you feel tired and listless?',NULL,'yes','no',NULL,NULL,NULL,NULL,NULL,NULL,NULL,NULL),(59,24,0,'Do you feel limb pain?',NULL,'yes','no',NULL,NULL,NULL,NULL,NULL,NULL,NULL,NULL),(60,25,0,'Do you have cough?',NULL,'yes','no',NULL,NULL,NULL,NULL,NULL,NULL,NULL,NULL),(61,26,0,'Do you have rhinitis?',NULL,'yes','no',NULL,NULL,NULL,NULL,NULL,NULL,NULL,NULL),(62,27,0,'Do you have diarrhea?',NULL,'yes','no',NULL,NULL,NULL,NULL,NULL,NULL,NULL,NULL),(63,28,0,'Do you have a sore throat?',NULL,'yes','no',NULL,NULL,NULL,NULL,NULL,NULL,NULL,NULL),(64,29,0,'Do you have chronic lung diseases?',NULL,'yes','no','unknown',NULL,NULL,NULL,NULL,NULL,NULL,NULL),(65,30,0,'Do you have diabetes?',NULL,'yes','no','unknown',NULL,NULL,NULL,NULL,NULL,NULL,NULL),(66,31,0,'Do you have heart diseases?',NULL,'yes','no','unknown',NULL,NULL,NULL,NULL,NULL,NULL,NULL),(67,32,0,'Do you have overweight?',NULL,'yes','no','unknown',NULL,NULL,NULL,NULL,NULL,NULL,NULL),(68,33,0,'Are you pregnant?',NULL,'yes','no','unknown',NULL,NULL,NULL,NULL,NULL,NULL,NULL),(69,34,0,'Do you currently take cortisone?',NULL,'yes','no','unknown',NULL,NULL,NULL,NULL,NULL,NULL,NULL),(70,35,0,'Do you currently take immunsuppresive drugs?',NULL,'yes','no','unknown',NULL,NULL,NULL,NULL,NULL,NULL,NULL),(71,1,6,'현재 나이는 어떻게 되십니까?',NULL,'<20','[20-30]','[30-40]','[40-50]','[50-60]','[60-70]','[70-80]','>80',NULL,NULL),(72,2,6,'현재 거주상황은 어떻습니까?',NULL,'혼자 거주','가족들과 거주','친구들과 거주',NULL,NULL,NULL,NULL,NULL,NULL,NULL),(73,3,6,'다음과 같은 분야에서 일을 하고 계십니까?',NULL,'의료와 관련된 분야 (예: 의사, 간호사, 약사, 요양사)','공동체와 관련된 분야 (예: 유치원, 학교, 요양원 등)','이 외의 다른 분야:',NULL,NULL,NULL,NULL,NULL,NULL,NULL),(74,4,6,'흡연을 하십니까?',NULL,'예','아니오',NULL,NULL,NULL,NULL,NULL,NULL,NULL,NULL),(75,5,6,'지난 4주동안 베를린 외의 지역에서 머무신 적이 있습니까?',NULL,'예','아니요',NULL,NULL,NULL,NULL,NULL,NULL,NULL,NULL),(76,6,6,'지난 4주동안 독일외의 나라에서 머무신 적이 있습니까?',NULL,'예','아니요',NULL,NULL,NULL,NULL,NULL,NULL,NULL,NULL),(77,7,6,'다음과 같은 국가에서 머무신 적이 있습니까?',NULL,'이탈리아','이란','중국','한국','해당 국가들에 머문적이 없음.',NULL,NULL,NULL,NULL,NULL),(78,8,6,'이탈리아: 다음과 같은 지역에 머무신 적이 있습니까?',NULL,'남티롤 (보첸주)','에밀리아 로마냐 (Emilia-Romagna) 지역','롬바르디 (Lombardei) 지역','베네치아 (Venetian)지역, 파도바(Padua) 지방의 보 (Vo)시.','해당 지역들에 머문적이 없음.',NULL,NULL,NULL,NULL,NULL),(79,9,6,'이란: 다음과 같은 지역에 머무신 적이 있습니까?',NULL,'곰 (Ghom) 지방','테헤란','해당 지역들에 머문적이 없음.',NULL,NULL,NULL,NULL,NULL,NULL,NULL),(80,10,6,'중국: 다음과 같은 지역에 머무신 적이 있습니까?',NULL,'후베이성 (우한 시 포함)','해당 지역들에 머문적이 없음.',NULL,NULL,NULL,NULL,NULL,NULL,NULL,NULL),(81,11,6,'한국: 다음과 같은 지역에 머무신 적이 있습니까?',NULL,'경상북도 지방','해당 지역들에 머문적이 없음.',NULL,NULL,NULL,NULL,NULL,NULL,NULL,NULL),(82,12,6,NULL,NULL,NULL,NULL,NULL,NULL,NULL,NULL,NULL,NULL,NULL,NULL),(83,13,6,NULL,NULL,NULL,NULL,NULL,NULL,NULL,NULL,NULL,NULL,NULL,NULL),(84,14,6,NULL,NULL,NULL,NULL,NULL,NULL,NULL,NULL,NULL,NULL,NULL,NULL),(85,15,6,'지난 14일 안에 독일에 도착하셨습니까?',NULL,'예','아니오',NULL,NULL,NULL,NULL,NULL,NULL,NULL,NULL),(86,16,6,'코로나가 확진된 환자와 접촉한 적이 있습니까?',NULL,'예','아니오',NULL,NULL,NULL,NULL,NULL,NULL,NULL,NULL),(87,17,6,'코로나가 의심되는 사람과 접촉한 적이 있습니까?',NULL,'예','아니오',NULL,NULL,NULL,NULL,NULL,NULL,NULL,NULL),(88,18,6,'접촉 시기가 현재로부터 14일 이내입니까?',NULL,'예','아니오',NULL,NULL,NULL,NULL,NULL,NULL,NULL,NULL),(89,19,6,'지난 24시간동안 고열증상이 있었습니까?',NULL,'예','아니오',NULL,NULL,NULL,NULL,NULL,NULL,NULL,NULL),(90,20,6,'지난 4일동안 38도가 넘는 고열 증상이 있었습니까?',NULL,'예','아니오',NULL,NULL,NULL,NULL,NULL,NULL,NULL,NULL),(91,21,6,'가장 높은 체온은 몇 도였습니까?',NULL,'< 38 °C','38 °C','39 °C','40 °C','41 °C','42 °C','> 42 °C','모릅니다',NULL,NULL),(92,22,6,'오한증상이 있으십니까?',NULL,'예','아니오',NULL,NULL,NULL,NULL,NULL,NULL,NULL,NULL),(93,23,6,'피곤함을 느끼십니까?',NULL,'예','아니오',NULL,NULL,NULL,NULL,NULL,NULL,NULL,NULL),(94,24,6,'몸이 쑤시고 근육통과 같은 증상이 있습니까?',NULL,'예','아니오',NULL,NULL,NULL,NULL,NULL,NULL,NULL,NULL),(95,25,6,'기침을 하십니까?',NULL,'예','아니오',NULL,NULL,NULL,NULL,NULL,NULL,NULL,NULL),(96,26,6,'콧물이나 코막힘과 같은 증상이 있습니까?',NULL,'예','아니오',NULL,NULL,NULL,NULL,NULL,NULL,NULL,NULL),(97,27,6,'설사를 하십니까?',NULL,'예','아니오',NULL,NULL,NULL,NULL,NULL,NULL,NULL,NULL),(98,28,6,'인후통이 있으십나까?',NULL,'예','아니오',NULL,NULL,NULL,NULL,NULL,NULL,NULL,NULL),(99,29,6,'만성적인 폐질환을 가지고 계십니까? (과거 또는 현재)',NULL,'예','아니오','모릅니다',NULL,NULL,NULL,NULL,NULL,NULL,NULL),(100,30,6,'당뇨가 있으십니까?',NULL,'예','아니오','모릅니다',NULL,NULL,NULL,NULL,NULL,NULL,NULL),(101,31,6,'심혈관 계통의 질환이 있으십니까?',NULL,'예','아니오','모릅니다',NULL,NULL,NULL,NULL,NULL,NULL,NULL),(102,32,6,'비만이십니까?',NULL,'예','아니오','모릅니다',NULL,NULL,NULL,NULL,NULL,NULL,NULL),(103,33,6,'현재 임신 중 이십니까?',NULL,'예','아니오','모릅니다',NULL,NULL,NULL,NULL,NULL,NULL,NULL),(104,34,6,'현재 코르티솔을 복용하고 계십니까?',NULL,'예','아니오','모릅니다',NULL,NULL,NULL,NULL,NULL,NULL,NULL),(105,35,6,'현재 면역 억제제를 복용하고 계십니까?',NULL,'예','아니오','모릅니다',NULL,NULL,NULL,NULL,NULL,NULL,NULL),(106,1,2,'Quanti anni ha?',NULL,'<20','[20-30]','[30-40]','[40-50]','[50-60]','[60-70]','[70-80]','>80',NULL,NULL),(107,2,2,'Con chi vive?',NULL,'Da solo/a','Con la famiglia','Con amici',NULL,NULL,NULL,NULL,NULL,NULL,NULL),(108,3,2,'Lavora in uno dei seguenti settori?',NULL,'area sanitaria','strutture pubbliche','altro',NULL,NULL,NULL,NULL,NULL,NULL,NULL),(109,4,2,'Fuma?',NULL,'si','no',NULL,NULL,NULL,NULL,NULL,NULL,NULL,NULL),(110,5,2,'E\' stato/a fuori Berlino nelle ultime 4 settimane?',NULL,'si','no',NULL,NULL,NULL,NULL,NULL,NULL,NULL,NULL),(111,6,2,'E\' stato/a fuori dalla Germania nelle ultime 4 settimane?',NULL,'yes','no',NULL,NULL,NULL,NULL,NULL,NULL,NULL,NULL),(112,7,2,'E\' stato/a in uno dei seguenti Paesi?',NULL,'Italia','Iran','Cina','Corea del Sud','Non sono stato/a in nessuno di questi Paesi',NULL,NULL,NULL,NULL,NULL),(113,8,2,'Italia: è stato/a in una delle seguenti Regioni?',NULL,'Trentino Alto Adige/Sud Tirol','Emilia Romagna','Lombardia','Vò in provincia di Padova, Veneto','Non sono stato/a in nessuna di queste Regioni',NULL,NULL,NULL,NULL,NULL),(114,9,2,'Iran: è stato/a in una delle seguenti Regioni?',NULL,'Provincia di Qom','Tehran','Non sono stato/a in nessuna di queste Regioni',NULL,NULL,NULL,NULL,NULL,NULL,NULL),(115,10,2,'Cina: è stato/a in una delle seguenti Regioni?',NULL,'Provincia di Hubei (inclusa la città di Wuhan)','Non sono stato/a in nessuna di queste Regioni',NULL,NULL,NULL,NULL,NULL,NULL,NULL,NULL),(116,11,2,'Corea del Sud: è stato/a in una delle seguenti Regioni?',NULL,'Provincai del Nord Gyeongsang','Non sono stato/a in nessuna di queste Regioni',NULL,NULL,NULL,NULL,NULL,NULL,NULL,NULL),(117,12,2,NULL,NULL,NULL,NULL,NULL,NULL,NULL,NULL,NULL,NULL,NULL,NULL),(118,13,2,NULL,NULL,NULL,NULL,NULL,NULL,NULL,NULL,NULL,NULL,NULL,NULL),(119,14,2,NULL,NULL,NULL,NULL,NULL,NULL,NULL,NULL,NULL,NULL,NULL,NULL),(120,15,2,'Sei stato/a all’estero negli ultimi 14 giorni?',NULL,'si','no',NULL,NULL,NULL,NULL,NULL,NULL,NULL,NULL),(121,16,2,'Ha avuto contatti con un caso accertato?',NULL,'si','no',NULL,NULL,NULL,NULL,NULL,NULL,NULL,NULL),(122,17,2,'Ha avuto contatti con un caso sospetto?',NULL,'si','no',NULL,NULL,NULL,NULL,NULL,NULL,NULL,NULL),(123,18,2,'Il contatto è avvenuto da meno di 14 giorni?',NULL,'si','no',NULL,NULL,NULL,NULL,NULL,NULL,NULL,NULL),(124,19,2,'Ha avuto febbre nelle ultime 24 ore?',NULL,'si','no',NULL,NULL,NULL,NULL,NULL,NULL,NULL,NULL),(125,20,2,'Ha avuto febbre (al di sopra dei 38°C) negli utlimi 4 giorni?',NULL,'si','no',NULL,NULL,NULL,NULL,NULL,NULL,NULL,NULL),(126,21,2,'Qual è stata la temperatura pià alta registrata?',NULL,'< 38 °C','38 °C','39 °C','40 °C','41 °C','42 °C','> 42 °C','non so',NULL,NULL),(127,22,2,'Ha avuto brividi?',NULL,'si','no',NULL,NULL,NULL,NULL,NULL,NULL,NULL,NULL),(128,23,2,'Si è sentito/a stanco/a o fiacco/a?',NULL,'si','no',NULL,NULL,NULL,NULL,NULL,NULL,NULL,NULL),(129,24,2,'Ha dolori muscolari agli arti?',NULL,'si','no',NULL,NULL,NULL,NULL,NULL,NULL,NULL,NULL),(130,25,2,'Ha tosse?',NULL,'si','no',NULL,NULL,NULL,NULL,NULL,NULL,NULL,NULL),(131,26,2,'Ha rinite (raffreddore)?',NULL,'si','no',NULL,NULL,NULL,NULL,NULL,NULL,NULL,NULL),(132,27,2,'Ha diarrea?',NULL,'si','no',NULL,NULL,NULL,NULL,NULL,NULL,NULL,NULL),(133,28,2,'Ha mal di gola?',NULL,'si','no',NULL,NULL,NULL,NULL,NULL,NULL,NULL,NULL),(134,29,2,'Soffre di malattie croniche polmonari?',NULL,'si','no','non so',NULL,NULL,NULL,NULL,NULL,NULL,NULL),(135,30,2,'E\' affetto/a da diabete?',NULL,'si','no','non so',NULL,NULL,NULL,NULL,NULL,NULL,NULL),(136,31,2,'E\' affetto/a da cardiopatie?',NULL,'si','no','non so',NULL,NULL,NULL,NULL,NULL,NULL,NULL),(137,32,2,'E\' sovrappesso?',NULL,'si','no','non so',NULL,NULL,NULL,NULL,NULL,NULL,NULL),(138,33,2,'E\' attualmente in gravidanza?',NULL,'si','no','non so',NULL,NULL,NULL,NULL,NULL,NULL,NULL),(139,34,2,'Assume attualmente corticosteroidi (cortisone)?',NULL,'si','no','non so',NULL,NULL,NULL,NULL,NULL,NULL,NULL),(140,35,2,'Assume attualmente farmaci immuno-soppressori?',NULL,'si','no','non so',NULL,NULL,NULL,NULL,NULL,NULL,NULL),(141,1,5,'你的年龄？',NULL,'<20','[20-30]','[30-40]','[40-50]','[50-60]','[60-70]','[70-80]','>80',NULL,NULL),(142,2,5,'你的居住方式？',NULL,'独自居住','与家人共同居住','与朋友共同居住',NULL,NULL,NULL,NULL,NULL,NULL,NULL),(143,3,5,'你是否在以下区域工作？',NULL,'医疗服务','社区','其他',NULL,NULL,NULL,NULL,NULL,NULL,NULL),(144,4,5,'你是否吸烟？',NULL,'是','否',NULL,NULL,NULL,NULL,NULL,NULL,NULL,NULL),(145,5,5,'你是否在最近4周内离开过柏林？',NULL,'是','否',NULL,NULL,NULL,NULL,NULL,NULL,NULL,NULL),(146,6,5,'你是否在最近4周内离开过德国？',NULL,'是','否',NULL,NULL,NULL,NULL,NULL,NULL,NULL,NULL),(147,7,5,'你是否到过以下国家？',NULL,'意大利','伊朗','中国','韩国','我未曾到过这些国家',NULL,NULL,NULL,NULL,NULL),(148,8,5,'意大利：你是否到过以下地区？',NULL,'特兰提诺-阿尔托阿迪杰大区','艾米利亚-罗马涅大区','伦巴第大区','威尼托大区帕多瓦省','我未曾到过这些地区',NULL,NULL,NULL,NULL,NULL),(149,9,5,'伊朗：你是否到过以下地区？',NULL,'库姆省','德黑兰','我未曾到过这些地区',NULL,NULL,NULL,NULL,NULL,NULL,NULL),(150,10,5,'中国：你是否到过以下地区？',NULL,'湖北省（包括武汉市）','我未曾到过这些地区',NULL,NULL,NULL,NULL,NULL,NULL,NULL,NULL),(151,11,5,'韩国：你是否到过以下地区？',NULL,'庆尚北道','我未曾到过这些地区',NULL,NULL,NULL,NULL,NULL,NULL,NULL,NULL),(152,12,5,NULL,NULL,NULL,NULL,NULL,NULL,NULL,NULL,NULL,NULL,NULL,NULL),(153,13,5,NULL,NULL,NULL,NULL,NULL,NULL,NULL,NULL,NULL,NULL,NULL,NULL),(154,14,5,NULL,NULL,NULL,NULL,NULL,NULL,NULL,NULL,NULL,NULL,NULL,NULL),(155,15,5,'您过去14天是从国外回来的吗？',NULL,'是','否',NULL,NULL,NULL,NULL,NULL,NULL,NULL,NULL),(156,16,5,'你是否接触过确诊病例？',NULL,'是','否',NULL,NULL,NULL,NULL,NULL,NULL,NULL,NULL),(157,17,5,'你是否接触过疑似病例？',NULL,'是','否',NULL,NULL,NULL,NULL,NULL,NULL,NULL,NULL),(158,18,5,'你是否在最近14天内接触？',NULL,'是','否',NULL,NULL,NULL,NULL,NULL,NULL,NULL,NULL),(159,19,5,'你是否最近24小时内发热？',NULL,'是','否',NULL,NULL,NULL,NULL,NULL,NULL,NULL,NULL),(160,20,5,'你是否在最近4天内发热（体温高于38°C）？',NULL,'是','否',NULL,NULL,NULL,NULL,NULL,NULL,NULL,NULL),(161,21,5,'你的最高体温是多少？',NULL,'< 38 °C','38 °C','39 °C','40 °C','41 °','42 °C','> 42 °C','不知道',NULL,NULL),(162,22,5,'你是否有寒战？',NULL,'是','否',NULL,NULL,NULL,NULL,NULL,NULL,NULL,NULL),(163,23,5,'你是否有乏力？',NULL,'是','否',NULL,NULL,NULL,NULL,NULL,NULL,NULL,NULL),(164,24,5,'你是否有肢体疼痛？',NULL,'是','否',NULL,NULL,NULL,NULL,NULL,NULL,NULL,NULL),(165,25,5,'你是否有咳嗽？',NULL,'是','否',NULL,NULL,NULL,NULL,NULL,NULL,NULL,NULL),(166,26,5,'你是否有鼻炎？',NULL,'是','否',NULL,NULL,NULL,NULL,NULL,NULL,NULL,NULL),(167,27,5,'你是否有腹泻？',NULL,'是','否',NULL,NULL,NULL,NULL,NULL,NULL,NULL,NULL),(168,28,5,'你是否有喉咙肿痛？',NULL,'是','否',NULL,NULL,NULL,NULL,NULL,NULL,NULL,NULL),(169,29,5,'你是否有慢性肺部疾病？',NULL,'是','否','不知道',NULL,NULL,NULL,NULL,NULL,NULL,NULL),(170,30,5,'你是否有糖尿病？',NULL,'是','否','不知道',NULL,NULL,NULL,NULL,NULL,NULL,NULL),(171,31,5,'你是否有心脏病？',NULL,'是','否','不知道',NULL,NULL,NULL,NULL,NULL,NULL,NULL),(172,32,5,'你是否有体重超标？',NULL,'是','否','不知道',NULL,NULL,NULL,NULL,NULL,NULL,NULL),(173,33,5,'你是否怀孕？',NULL,'是','否','不知道',NULL,NULL,NULL,NULL,NULL,NULL,NULL),(174,34,5,'你是否正在服用激素？',NULL,'是','否','不知道',NULL,NULL,NULL,NULL,NULL,NULL,NULL),(175,35,5,'你是否正在服用免疫抑制药物？',NULL,'是','否','不知道',NULL,NULL,NULL,NULL,NULL,NULL,NULL),(176,1,3,'¿ Cuántos años tienes?',NULL,'<20','[20-30]','[30-40]','[40-50]','[50-60]','[60-70]','[70-80]','>80',NULL,NULL),(177,2,3,'¿ Cómo vives?',NULL,'Solo','Con familia','Con amigos',NULL,NULL,NULL,NULL,NULL,NULL,NULL),(178,3,3,'¿Trabajas en una de las siguientes áreas?',NULL,'Sector médico','Instalaciones comunitarias','Otras',NULL,NULL,NULL,NULL,NULL,NULL,NULL),(179,4,3,'¿ Fumas?',NULL,'Si','No',NULL,NULL,NULL,NULL,NULL,NULL,NULL,NULL),(180,5,3,'¿ Has salido de Belín en las últimas 4 semanas?',NULL,'Si','No',NULL,NULL,NULL,NULL,NULL,NULL,NULL,NULL),(181,6,3,'¿ Has salido de Alemania en las últimas 4 semanas?',NULL,'Si','No',NULL,NULL,NULL,NULL,NULL,NULL,NULL,NULL),(182,7,3,'¿ Has visitado uno de los siguientes países?',NULL,'Italia','Irán','China','Corea del Sur','No he visitado ninguna de estas regiones',NULL,NULL,NULL,NULL,NULL),(183,8,3,'Italia: ¿ has visitado una de las siguientes regiones?',NULL,'Región Trento-Sur Región Tirol','Región Emilia-Romaña','Región Lombardía','Vó en la provincia de Padua, en la región de Véneto','No he visitado ninguna de estas regiones',NULL,NULL,NULL,NULL,NULL),(184,9,3,'Irán: ¿ has visitado una de las siguientes regiones?',NULL,'Provinia Qom','Teherán','No he visitado ninguna de estas regiones',NULL,NULL,NULL,NULL,NULL,NULL,NULL),(185,10,3,'China: ¿ has visitado una de las siguientes regiones?',NULL,'Provincia de Hubei (incluída la ciudad de Wuhan)','No he visitado ninguna de estas regiones',NULL,NULL,NULL,NULL,NULL,NULL,NULL,NULL),(186,11,3,'Corea del Sur: ¿ has visitado una de las siguientes regiones?',NULL,'Provincia Norte Gyeongsang','No he visitado ninguna de estas regiones',NULL,NULL,NULL,NULL,NULL,NULL,NULL,NULL),(187,12,3,NULL,NULL,NULL,NULL,NULL,NULL,NULL,NULL,NULL,NULL,NULL,NULL),(188,13,3,NULL,NULL,NULL,NULL,NULL,NULL,NULL,NULL,NULL,NULL,NULL,NULL),(189,14,3,NULL,NULL,NULL,NULL,NULL,NULL,NULL,NULL,NULL,NULL,NULL,NULL),(190,15,3,'¿ Has vuelto en los últimos 14 días?',NULL,'Si','No',NULL,NULL,NULL,NULL,NULL,NULL,NULL,NULL),(191,16,3,'¿ Has tenido contacto con un caso confirmado?',NULL,'Si','No',NULL,NULL,NULL,NULL,NULL,NULL,NULL,NULL),(192,17,3,'¿ Has tenido contacto con un caso sospechoso?',NULL,'Si','No',NULL,NULL,NULL,NULL,NULL,NULL,NULL,NULL),(193,18,3,'¿ Has tenido contacto en los últimos 14 días?',NULL,'Si','No',NULL,NULL,NULL,NULL,NULL,NULL,NULL,NULL),(194,19,3,'¿ Has tenido fiebre (por encima de 38ºC) en los últimos 4 días?',NULL,'Si','No',NULL,NULL,NULL,NULL,NULL,NULL,NULL,NULL),(195,20,3,'¿ Has tenido fiebre en las últimas 24 horas?',NULL,'Si','No',NULL,NULL,NULL,NULL,NULL,NULL,NULL,NULL),(196,21,3,'¿ Cuál fue tu mayor temperatura?',NULL,'< 38 °C','38 °C','39 °C','40 °C','41 °C','42 °C','> 42 °C','desconocida',NULL,NULL),(197,22,3,'¿ Tienes resfriado?',NULL,'Si','No',NULL,NULL,NULL,NULL,NULL,NULL,NULL,NULL),(198,23,3,'¿ Te sientes cansado y apático?',NULL,'Si','No',NULL,NULL,NULL,NULL,NULL,NULL,NULL,NULL),(199,24,3,'¿ Sientes dolor de extremidades?',NULL,'Si','No',NULL,NULL,NULL,NULL,NULL,NULL,NULL,NULL),(200,25,3,'¿ Tienes tos?',NULL,'Si','No',NULL,NULL,NULL,NULL,NULL,NULL,NULL,NULL),(201,26,3,'¿ Tienes rinitis, congestión nasal?',NULL,'Si','No',NULL,NULL,NULL,NULL,NULL,NULL,NULL,NULL),(202,27,3,'¿ Tienes diarrea?',NULL,'Si','No',NULL,NULL,NULL,NULL,NULL,NULL,NULL,NULL),(203,28,3,'¿ Tienes dolor de garganta?',NULL,'Si','No',NULL,NULL,NULL,NULL,NULL,NULL,NULL,NULL),(204,29,3,'¿Tienes enfermedad pulmonar crónica?',NULL,'Si','No','desconocida',NULL,NULL,NULL,NULL,NULL,NULL,NULL),(205,30,3,'¿ Tienes diabetes?',NULL,'Si','No','desconocida',NULL,NULL,NULL,NULL,NULL,NULL,NULL),(206,31,3,'¿Tienes enfermedades cardiacas?',NULL,'Si','No','desconocida',NULL,NULL,NULL,NULL,NULL,NULL,NULL),(207,32,3,'¿Tienes sobrepeso?',NULL,'Si','No','desconocida',NULL,NULL,NULL,NULL,NULL,NULL,NULL),(208,33,3,'¿Estás embarazada?',NULL,'Si','No','desconocida',NULL,NULL,NULL,NULL,NULL,NULL,NULL),(209,34,3,'¿Tomas actualmente cortisona?',NULL,'Si','No','desconocida',NULL,NULL,NULL,NULL,NULL,NULL,NULL),(210,35,3,'¿Tomas actualmente fármacos inmunosupresores?',NULL,'Si','No','desconocida',NULL,NULL,NULL,NULL,NULL,NULL,NULL),(211,1,9,'Qual é a sua idade?',NULL,'<20','[20-30]','[30-40]','[40-50]','[50-60]','[60-70]','[70-80]','>80',NULL,NULL),(212,2,9,'Com quem vive?',NULL,'sozinho','com família','com amigos',NULL,NULL,NULL,NULL,NULL,NULL,NULL),(213,3,9,'Você trabalha em uma das áreas seguintes?',NULL,'instalações médicas','instalações comunitárias','outro tipo de instalações',NULL,NULL,NULL,NULL,NULL,NULL,NULL),(214,4,9,'Você fuma?',NULL,'sim','não',NULL,NULL,NULL,NULL,NULL,NULL,NULL,NULL),(215,5,9,'Você esteve fora de Berlim nas últimas 4 semanas?',NULL,'sim','não',NULL,NULL,NULL,NULL,NULL,NULL,NULL,NULL),(216,6,9,'Você esteve fora da Alemanha nas últimas 4 semanas?',NULL,'sim','não',NULL,NULL,NULL,NULL,NULL,NULL,NULL,NULL),(217,7,9,'Você já visitou um dos seguintes países?',NULL,'Itália','Irão','China','Coreia do Sul','Eu não visitei nenhum dos países mencionados',NULL,NULL,NULL,NULL,NULL),(218,8,9,'Em Itália: Você visitou uma das seguintes regiões?',NULL,'Região Trentino-Alto Ádige','Região da Emília-Romanha','Região da Lombardia','Município/concelho de Vò da província de Padua (Região de Véneto)','Eu não visitei nenhuma das regiões mencionados',NULL,NULL,NULL,NULL,NULL),(219,9,9,'No Irão: Você visitou uma das seguintes regiões?',NULL,'Província de Qom','Teerão','Eu não visitei nenhuma das regiões mencionados',NULL,NULL,NULL,NULL,NULL,NULL,NULL),(220,10,9,'Na China: Você visitou uma das seguintes regiões?',NULL,'Província de Hubei (incluindo a  cidade de Wuhan)','Eu não visitei nenhuma das regiões mencionados',NULL,NULL,NULL,NULL,NULL,NULL,NULL,NULL),(221,11,9,'Na Coreia do Sul: Você visitou uma das seguintes regiões?',NULL,'Província de Gyeongsang do Norte','Eu não visitei nenhuma das regiões mencionados',NULL,NULL,NULL,NULL,NULL,NULL,NULL,NULL),(222,12,9,NULL,NULL,NULL,NULL,NULL,NULL,NULL,NULL,NULL,NULL,NULL,NULL),(223,13,9,NULL,NULL,NULL,NULL,NULL,NULL,NULL,NULL,NULL,NULL,NULL,NULL),(224,14,9,NULL,NULL,NULL,NULL,NULL,NULL,NULL,NULL,NULL,NULL,NULL,NULL),(225,15,9,'Você voltou nos últimos 14 dias?',NULL,'sim','não',NULL,NULL,NULL,NULL,NULL,NULL,NULL,NULL),(226,16,9,'Você teve contato com um caso que foi confirmado?',NULL,'sim','não',NULL,NULL,NULL,NULL,NULL,NULL,NULL,NULL),(227,17,9,'Você teve contato com um caso suspeito?',NULL,'sim','não',NULL,NULL,NULL,NULL,NULL,NULL,NULL,NULL),(228,18,9,'Você exposto com um caso suspeito/confirmado nos últimos 14 dias?',NULL,'sim','não',NULL,NULL,NULL,NULL,NULL,NULL,NULL,NULL),(229,19,9,'Você teve febre (acima de 38 ° C) nos últimos 4 dias?',NULL,'sim','não',NULL,NULL,NULL,NULL,NULL,NULL,NULL,NULL),(230,20,9,'Você teve febre nas últimas 24 horas?',NULL,'sim','não',NULL,NULL,NULL,NULL,NULL,NULL,NULL,NULL),(231,21,9,'Qual foi a temperatura mais alta que teve?',NULL,'< 38 °C','38 °C','39 °C','40 °C','41 °C','42 °C','> 42 °C','desconheço/não sei',NULL,NULL),(232,22,9,'Você tem calafrios?',NULL,'sim','não',NULL,NULL,NULL,NULL,NULL,NULL,NULL,NULL),(233,23,9,'Você se sente cansado e sem energia?',NULL,'sim','não',NULL,NULL,NULL,NULL,NULL,NULL,NULL,NULL),(234,24,9,'Você sente dor nos membros?',NULL,'sim','não',NULL,NULL,NULL,NULL,NULL,NULL,NULL,NULL),(235,25,9,'Você tem tosse?',NULL,'sim','não',NULL,NULL,NULL,NULL,NULL,NULL,NULL,NULL),(236,26,9,'Você tem rinite?',NULL,'sim','não',NULL,NULL,NULL,NULL,NULL,NULL,NULL,NULL),(237,27,9,'Você tem diarréia?',NULL,'sim','não',NULL,NULL,NULL,NULL,NULL,NULL,NULL,NULL),(238,28,9,'Você tem dor de garganta?',NULL,'sim','não',NULL,NULL,NULL,NULL,NULL,NULL,NULL,NULL),(239,29,9,'Você tem doenças pulmonares crônicas?',NULL,'sim','não','desconheço/não sei',NULL,NULL,NULL,NULL,NULL,NULL,NULL),(240,30,9,'Você tem diabetes?',NULL,'sim','não','desconheço/não sei',NULL,NULL,NULL,NULL,NULL,NULL,NULL),(241,31,9,'Você tem doenças cardíacas?',NULL,'sim','não','desconheço/não sei',NULL,NULL,NULL,NULL,NULL,NULL,NULL),(242,32,9,'Você tem excesso de peso?',NULL,'sim','não','desconheço/não sei',NULL,NULL,NULL,NULL,NULL,NULL,NULL),(243,33,9,'Você está grávida?',NULL,'sim','não','desconheço/não sei',NULL,NULL,NULL,NULL,NULL,NULL,NULL),(244,34,9,'Você atualmente toma corticoide?',NULL,'sim','não','desconheço/não sei',NULL,NULL,NULL,NULL,NULL,NULL,NULL),(245,35,9,'Você está a tomar drogas imunossupressoras?',NULL,'sim','não','desconheço/não sei',NULL,NULL,NULL,NULL,NULL,NULL,NULL);
/*!40000 ALTER TABLE `questiontext` ENABLE KEYS */;
UNLOCK TABLES;

--
-- Table structure for table `sheet`
--

DROP TABLE IF EXISTS `sheet`;
/*!40101 SET @saved_cs_client     = @@character_set_client */;
/*!40101 SET character_set_client = utf8 */;
CREATE TABLE `sheet` (
  `idsheet` int(11) NOT NULL AUTO_INCREMENT,
  `name` varchar(255) DEFAULT NULL,
  PRIMARY KEY (`idsheet`)
) ENGINE=InnoDB AUTO_INCREMENT=9 DEFAULT CHARSET=latin1;
/*!40101 SET character_set_client = @saved_cs_client */;

--
-- Dumping data for table `sheet`
--

LOCK TABLES `sheet` WRITE;
/*!40000 ALTER TABLE `sheet` DISABLE KEYS */;
INSERT INTO `sheet` VALUES (8,'Corona Ambulanzbogen');
/*!40000 ALTER TABLE `sheet` ENABLE KEYS */;
UNLOCK TABLES;

--
-- Table structure for table `sheetquestion`
--

DROP TABLE IF EXISTS `sheetquestion`;
/*!40101 SET @saved_cs_client     = @@character_set_client */;
/*!40101 SET character_set_client = utf8 */;
CREATE TABLE `sheetquestion` (
  `idsheetquestion` int(11) NOT NULL AUTO_INCREMENT,
  `idquestion` int(11) NOT NULL,
  `idsheet` int(11) NOT NULL,
  PRIMARY KEY (`idsheetquestion`)
) ENGINE=InnoDB AUTO_INCREMENT=168 DEFAULT CHARSET=latin1;
/*!40101 SET character_set_client = @saved_cs_client */;

--
-- Dumping data for table `sheetquestion`
--

LOCK TABLES `sheetquestion` WRITE;
/*!40000 ALTER TABLE `sheetquestion` DISABLE KEYS */;
INSERT INTO `sheetquestion` VALUES (132,1,8),(133,2,8),(134,3,8),(135,4,8),(136,5,8),(137,6,8),(138,7,8),(139,8,8),(140,9,8),(141,10,8),(142,11,8),(143,12,8),(144,13,8),(145,14,8),(146,15,8),(147,16,8),(148,17,8),(149,18,8),(150,19,8),(151,20,8),(152,21,8),(153,22,8),(154,23,8),(155,24,8),(156,25,8),(157,26,8),(159,27,8),(160,28,8),(161,29,8),(162,30,8),(163,31,8),(164,32,8),(165,33,8),(166,34,8),(167,35,8);
/*!40000 ALTER TABLE `sheetquestion` ENABLE KEYS */;
UNLOCK TABLES;

--
-- Table structure for table `ui`
--

DROP TABLE IF EXISTS `ui`;
/*!40101 SET @saved_cs_client     = @@character_set_client */;
/*!40101 SET character_set_client = utf8 */;
CREATE TABLE `ui` (
  `id` int(11) NOT NULL AUTO_INCREMENT,
  `language` int(11) DEFAULT NULL,
  `idui` int(11) DEFAULT NULL,
  `text` mediumtext CHARACTER SET utf8,
  PRIMARY KEY (`id`)
) ENGINE=InnoDB AUTO_INCREMENT=17 DEFAULT CHARSET=utf8mb4;
/*!40101 SET character_set_client = @saved_cs_client */;

--
-- Dumping data for table `ui`
--

LOCK TABLES `ui` WRITE;
/*!40000 ALTER TABLE `ui` DISABLE KEYS */;
INSERT INTO `ui` VALUES (1,0,0,'Next'),(2,1,0,'Nächste Frage'),(3,1,1,'Bitte beantworten Sie die Frage'),(4,0,1,'Please answer the question'),(5,0,2,'Please click on one of the answer options'),(6,1,2,'Bitte wählen Sie eine der Antwort Optionen aus.'),(7,6,0,'다음 질문'),(8,2,0,'Domanda successiva'),(9,5,0,'下一个问题'),(10,3,0,'Próxima pregunta'),(11,1,3,'Bitte begeben Sie sich zur Corona-Ambulanz der Charité. Das Vorzeigen folgenden Codes beschleunigt Ihre Anmeldung:'),(12,0,3,'Please go the Corona ambulance of Charité. To speed up your admission, please show the following code:'),(13,1,4,'Ihr Risiko ist niedrig. Sie haben sich weder in einem Risikogebiet aufgehalten, noch Kontakt zu infizierten Personen gehabt und Sie haben keine Symptome. Bitte bleiben Sie zu Hause und führen Sie den Test erneut durch, falls sich Ihre Symptome ändern sollten.'),(14,1,5,'Ihr Risiko ist mittelmäßig. Sie hielten sich in keiner Risikoregion auf und hatten kein Kontakt zu infizierten Patienten. Dennoch können Ihre Symptome auf eine Erkrankung hinweisen. '),(15,1,6,'Ihr Risiko ist hoch. Sie waren in einem Risikogebiet oder hatten Kontakt zu einem Infizierten. Bitte rufen Sie die Hotline an: 030 123456.'),(16,9,0,'Próxima questão');
/*!40000 ALTER TABLE `ui` ENABLE KEYS */;
UNLOCK TABLES;

--
-- Final view structure for view `FullQuestions`
--

/*!50001 DROP VIEW IF EXISTS `FullQuestions`*/;
/*!50001 SET @saved_cs_client          = @@character_set_client */;
/*!50001 SET @saved_cs_results         = @@character_set_results */;
/*!50001 SET @saved_col_connection     = @@collation_connection */;
/*!50001 SET character_set_client      = utf8 */;
/*!50001 SET character_set_results     = utf8 */;
/*!50001 SET collation_connection      = utf8_general_ci */;
/*!50001 CREATE ALGORITHM=UNDEFINED */
/*!50013 DEFINER=`root`@`%` SQL SECURITY DEFINER */
/*!50001 VIEW `FullQuestions` AS select `q`.`idquestion` AS `idquestion`,`q`.`XMLFIELD` AS `XMLFIELD`,`q`.`type` AS `type`,`qt`.`language` AS `language`,`qt`.`text` AS `text`,`qt`.`option1` AS `option1`,`qt`.`option2` AS `option2`,`qt`.`option3` AS `option3`,`qt`.`option4` AS `option4`,`qt`.`option5` AS `option5`,`qt`.`option6` AS `option6`,`qt`.`option7` AS `option7`,`qt`.`option8` AS `option8`,`qt`.`option9` AS `option9`,`qt`.`option10` AS `option10`,`q`.`score1` AS `score1`,`q`.`score2` AS `score2`,`q`.`score3` AS `score3`,`q`.`score4` AS `score4`,`q`.`score5` AS `score5`,`q`.`score6` AS `score6`,`q`.`score7` AS `score7`,`q`.`score8` AS `score8`,`q`.`score9` AS `score9`,`q`.`score10` AS `score10` from (`question` `q` join `questiontext` `qt`) where (`q`.`idquestion` = `qt`.`idquestion`) */;
/*!50001 SET character_set_client      = @saved_cs_client */;
/*!50001 SET character_set_results     = @saved_cs_results */;
/*!50001 SET collation_connection      = @saved_col_connection */;

--
-- Final view structure for view `new_view`
--

/*!50001 DROP VIEW IF EXISTS `new_view`*/;
/*!50001 SET @saved_cs_client          = @@character_set_client */;
/*!50001 SET @saved_cs_results         = @@character_set_results */;
/*!50001 SET @saved_col_connection     = @@collation_connection */;
/*!50001 SET character_set_client      = utf8 */;
/*!50001 SET character_set_results     = utf8 */;
/*!50001 SET collation_connection      = utf8_general_ci */;
/*!50001 CREATE ALGORITHM=UNDEFINED */
/*!50013 DEFINER=`root`@`%` SQL SECURITY DEFINER */
/*!50001 VIEW `new_view` AS select `qt`.`text` AS `text` from (`question` `q` join `questiontext` `qt`) where (`q`.`idquestion` = `qt`.`idquestion`) */;
/*!50001 SET character_set_client      = @saved_cs_client */;
/*!50001 SET character_set_results     = @saved_cs_results */;
/*!50001 SET collation_connection      = @saved_col_connection */;
/*!40103 SET TIME_ZONE=@OLD_TIME_ZONE */;

/*!40101 SET SQL_MODE=@OLD_SQL_MODE */;
/*!40014 SET FOREIGN_KEY_CHECKS=@OLD_FOREIGN_KEY_CHECKS */;
/*!40014 SET UNIQUE_CHECKS=@OLD_UNIQUE_CHECKS */;
/*!40101 SET CHARACTER_SET_CLIENT=@OLD_CHARACTER_SET_CLIENT */;
/*!40101 SET CHARACTER_SET_RESULTS=@OLD_CHARACTER_SET_RESULTS */;
/*!40101 SET COLLATION_CONNECTION=@OLD_COLLATION_CONNECTION */;
/*!40111 SET SQL_NOTES=@OLD_SQL_NOTES */;

-- Dump completed on 2020-03-09 22:47:17
